N,P,K,temperature,humidity,ph,rainfall,Actual_Yield,Predicted_Yield,Error,Absolute_Error,Percentage_Error
101,17,47,29.49401389,94.72981338,6.185053234,26.30820876,7.111452564039958,6.3890085,0.7224440420062663,0.7224440420062663,10.15888154354575
98,8,51,26.1793464,86.52258079,6.25933595,49.43050977,5.743105656918778,5.479286,0.2638194630711217,0.2638194630711217,4.593672462795381
59,62,49,43.36051537,93.35191636,6.941496806,114.778071,8.89799803756986,8.646427,0.2515708830288439,0.2515708830288439,2.82727510128279
44,60,55,34.2804607,90.55561637,6.825371185,98.54047745,6.460997546649149,7.817282,-1.3562846532104702,1.3562846532104702,20.991876926402437
30,137,200,22.91430043,90.70475565,5.603413172000001,118.6044645,7.355025800835246,7.635832,-0.2808060320504966,0.2808060320504966,3.8178796329797775
18,19,27,27.75518664,52.34605806,4.772385986000001,94.11213345,3.4904806666034567,3.395219,0.09526157900274868,0.09526157900274868,2.729182256019958
35,145,195,22.03911546,94.58075845,6.231950009,110.9804014,7.466871102537572,8.818896,-1.3520251911025651,1.3520251911025651,18.106984472292385
22,44,24,24.30935081,56.32938343,6.030447288,58.99536268,4.243842609142215,4.013621,0.23022175571814252,0.23022175571814252,5.42484198688688
11,46,24,27.65280218,89.80650642,6.459252023,56.52558045,5.5965455056391615,5.1848783,0.4116671563349623,0.4116671563349623,7.355736782988013
3,78,18,20.21368219,68.65257685,6.887130053,50.89732989,4.5634237541078395,4.1990013,0.36442244185198014,0.36442244185198014,7.985724348389504
44,75,22,30.0328403,64.14800537,7.574561547,71.21006868,5.809101210462335,6.2220445,-0.41294325746369065,0.41294325746369065,7.108556771570266
0,19,31,25.51791333,94.38420565,6.271952832999999,178.7297725,4.62484640673868,5.1235166,-0.4986701528621502,0.4986701528621502,10.782415436230655
16,15,42,19.67832052,89.08935702,6.890784045,108.5468633,4.866667477065555,4.875663,-0.008995326584347652,0.008995326584347652,0.1848354469817105
70,38,35,24.39736241,79.26861738,7.014063944,164.2697011,6.488819899131319,6.6660566,-0.1772367338642864,0.1772367338642864,2.731417062261409
25,12,26,28.56973521,95.67906668,6.436314406,134.83703480000003,5.421946518560044,5.6582255,-0.2362790177863916,0.2362790177863916,4.357826418567154
36,24,41,24.94467632,94.25702672,7.009180374,103.8799347,6.075888665720447,5.855576,0.22031262735985102,0.22031262735985102,3.6260148840914863
6,124,200,22.98208095,93.84505029,5.971332179,109.5852253,5.913246321629108,6.967392,-1.0541456461443293,1.0541456461443293,17.826851593997365
99,38,21,22.88330922,71.59722446,6.352471866,67.72777298,7.180768521642018,6.124806,1.0559625943654067,1.0559625943654067,14.705425905080435
34,62,55,27.58548913,90.72526502,6.585346229,238.5008779,7.690184942069735,7.558313,0.13187204915591622,0.13187204915591622,1.7148098537201655
102,11,45,29.03167341,93.12603235,6.35544263,24.15591199,5.99555131660788,6.173847,-0.17829588187844791,0.17829588187844791,2.9738029492727764
89,28,33,26.44414097,53.83876189,6.9932360010000005,175.3723314,5.500801553456346,6.0921082,-0.591306696207961,0.591306696207961,10.74946424555931
49,55,53,38.4418717,93.63739039,6.544029776,77.71566883,7.60179179198718,7.5156474,0.0861443806407447,0.0861443806407447,1.1332115243086096
32,18,13,13.8377282,91.74780462,6.044167236,107.9873218,4.158399857685449,4.453552,-0.29515191157114273,0.29515191157114273,7.09772801251064
38,68,54,29.33710543,90.81781439,6.739170045,202.0572747,7.467452968634525,7.7194414,-0.2519884452448693,0.2519884452448693,3.3744898870243185
44,74,85,20.18649426,19.63719995,7.150681303,78.26039559,4.983520463104556,4.53264,0.4508804827883939,0.4508804827883939,9.047429144246182
74,40,40,25.13842773,83.12053888,6.386259977999999,169.33884650000005,7.24537685115487,7.035701,0.20967605312020243,0.20967605312020243,2.8939288794451223
36,55,20,27.01470397,84.34262707,6.635968697999999,55.296354,5.980301659887474,5.5499616,0.4303400929624255,0.4303400929624255,7.1959596260654655
33,12,8,25.26052689,90.31153735,6.822282114,117.36952959999998,4.486757708972508,5.4116464,-0.9248886571468766,0.9248886571468766,20.613741974462023
39,77,21,22.99774444,60.24218572,4.603563116,159.689339,5.009617845635858,5.307901,-0.2982830599732731,0.2982830599732731,5.95420786903183
84,51,35,22.30157427,80.64416466,6.043304899,197.9791215,7.00449933719305,7.309344,-0.3048444776568031,0.3048444776568031,4.352123727646251
2,24,38,24.55981624,91.63536236,5.922935513,111.9684622,5.004779161507068,4.719929,0.2848499432148319,0.2848499432148319,5.691558688656629
25,57,24,27.65472156,58.59986279,6.974978386,36.94255012,4.57365303791199,4.571771,0.001881893045046823,0.001881893045046823,0.041146388443710276
86,39,43,26.14576648,71.23690851,6.432051512,193.1007598,6.263725909650288,6.678373,-0.41464695030454557,0.41464695030454557,6.619813131760995
12,80,19,21.91041045,65.21662467,5.962001484,36.10211371,4.578682371678578,3.7793896,0.7992927518513078,0.7992927518513078,17.45682899506919
89,40,43,26.24532085,72.97198375,7.124050134,189.9711184,7.635790471862297,6.8959856,0.7398048685297773,0.7398048685297773,9.688648100755781
29,63,17,30.02629908,67.88811637,7.26154329,66.47264636,5.548633833480757,5.61324,-0.06460593168647932,0.06460593168647932,1.1643574549223925
87,44,43,23.87484465,86.79261344,6.718725189,177.5147313,7.335902617883663,6.8567257,0.47917692513463983,0.47917692513463983,6.5319422856907785
27,79,82,17.06579293,17.54024066,6.307004922999999,70.87150577,3.8956109869776196,3.7501051,0.14550584438423586,0.14550584438423586,3.7351225487000046
20,60,78,18.17234999,14.70085967,6.358740355,90.7760707,2.590401618817339,3.567474,-0.9770722695798777,0.9770722695798777,37.71894915762001
17,57,21,19.88394011,20.31564139,5.789214288999999,60.91974792,3.2653888053121634,2.9283834,0.3370054549398489,0.3370054549398489,10.320530724904962
39,69,53,25.9300384,93.02357765,6.964955435,241.8202079,8.057318184671455,7.973203,0.08411500245099646,0.08411500245099646,1.0439578098208904
28,23,28,30.01821337,50.09831810000001,5.676032581,96.08745082,3.644514596944089,4.445194,-0.8006791706035186,0.8006791706035186,21.969432397798183
21,72,17,31.52104732,66.55723677,7.580527339,61.71111448,5.761887314713948,5.5926833,0.16920399943684838,0.16920399943684838,2.936607229453404
71,35,24,22.27373646,59.52193158,5.826426917,67.96704792,4.65551839944909,5.0361056,-0.3805872333328928,0.3805872333328928,8.1749700179024
30,37,25,29.89129144,80.14487166,7.120032489,54.7960127,4.12074814937121,5.5903997,-1.4696515927552545,1.4696515927552545,35.664678827302524
61,59,17,23.33844615,59.24580604,6.47444292,105.0083144,5.4519248285320625,5.520674,-0.06874940013615038,0.06874940013615038,1.2610115197545972
27,72,17,28.98039357,57.23265151,6.347929353,120.7435664,5.419118064589411,5.4441586,-0.025040489487737183,0.025040489487737183,0.462076839612728
40,5,29,28.48444906,97.76865458,5.820978791,160.389421,5.009359896794317,6.0274663,-1.0181064003553413,1.0181064003553413,20.324081745591226
84,29,49,29.94349168,93.90741192,6.251420275,20.39020503,6.000188576750064,6.5993915,-0.5992028836686369,0.5992028836686369,9.98640086064076
90,49,21,24.84016732,68.3584573,6.4725232870000005,74.05474936,6.1576436535841355,6.0472608,0.11038289232314913,0.11038289232314913,1.7926157883283704
28,68,19,34.63880966,61.38597868,7.69950698,72.43169115,5.422475009809325,5.8028417,-0.3803666535512704,0.3803666535512704,7.014631747738484
84,36,28,26.7350622,55.55164819,6.119892347,140.63052130000003,5.562982655432684,5.6459885,-0.08300580892278475,0.08300580892278475,1.4921097918887656
8,120,196,24.06679352,82.66396666,6.053662544,69.81855775,6.82779629644977,6.6638956,0.1639006894551409,0.1639006894551409,2.400491788842088
19,35,24,27.11030369,83.64274107,6.883308033,49.11964582,5.136126249582178,4.9545126,0.1816136534518069,0.1816136534518069,3.536004463803457
116,28,34,23.44372334,60.39523266,6.42321105,122.2103248,5.539529612319736,6.1712413,-0.6317116710970119,0.6317116710970119,11.40370600586926
23,62,19,16.51783455,20.4555596,5.609435127999999,98.77794225,2.9470981041698696,3.226481,-0.27938285667607765,0.27938285667607765,9.479930657237942
119,44,15,22.14593688,82.85975490000001,7.091992365,60.65381719,7.1611575911074565,6.8024783,0.3586792776614116,0.3586792776614116,5.0086773415908405
21,137,196,23.6119202,91.70293849,5.812781806,123.5900822,8.680334185899827,7.852994,0.8273402207509015,0.8273402207509015,9.531202405718636
102,71,48,28.65456263,79.28693687,5.695267822000001,102.4633775,8.286622434138259,8.084264,0.20235863256355202,0.20235863256355202,2.4419917061732965
20,68,23,25.54960633,63.95425534,7.707332484,63.1830529,5.046693679317982,5.08825,-0.041556480899303416,0.041556480899303416,0.8234397318309088
109,21,55,24.9004602,89.73524177,6.770278088,57.44942094,6.335438755415477,6.060142,0.2752967151627912,0.2752967151627912,4.345345694131603
16,6,29,29.28725038,91.95614918,5.868285082000001,132.1491176,5.612307632806372,5.218652,0.39365586126096197,0.39365586126096197,7.014153304068237
31,60,24,25.40474421,65.8567539,7.722335992,51.92057267,5.52461112682108,5.1094694,0.4151417130637558,0.4151417130637558,7.514406055628259
31,5,14,17.66545409,91.69865887,6.583411671,110.6857506,4.3509408452034295,4.7806535,-0.4297126315116584,0.4297126315116584,9.876315187906606
38,61,52,31.22790131,94.94021378,6.620729882000001,46.44279118,6.704508664939336,6.952241,-0.24773227896935524,0.24773227896935524,3.6950101991045274
35,58,20,29.38538562,63.47742011,5.761702519,90.05422663,5.199841483082237,5.1654963,0.034345133747519796,0.034345133747519796,0.6605034761013814
6,13,9,34.51423957,90.56151463,7.786725333,118.32719679999998,5.854503822396122,5.9478736,-0.09336976998058688,0.09336976998058688,1.5948366046564924
93,47,37,21.53346343,82.14004101,6.500343222000001,295.9248796,8.158377245336592,7.698855,0.4595223220883007,0.4595223220883007,5.63252112852428
87,6,45,29.82729394,90.79007335,6.40077205,22.84203589,5.1141670707434495,5.8834124,-0.7692452904015701,0.7692452904015701,15.041457968829016
16,55,19,19.54314136,47.19188279,6.413543781,192.4372194,4.284192300058786,4.6409526,-0.35676028706889973,0.35676028706889973,8.327363994935624
114,27,48,27.82054812,93.03555162,6.528404377999999,26.32405487,7.031270165158311,6.5874195,0.44385065527061585,0.44385065527061585,6.312524548836226
39,7,29,27.54273211,94.59086121,6.362544111,150.2012138,5.310488146068477,5.7975664,-0.4870782678109178,0.4870782678109178,9.172005556052646
69,47,40,25.37122686,76.2403666,6.130136384,183.8270791,6.828322586877913,6.921319,-0.09299642099562178,0.09299642099562178,1.3619219041340307
105,95,50,27.33368994,83.67675197,5.849076099,101.0494791,9.393864841063422,8.862544,0.5313207813100043,0.5313207813100043,5.656040301830196
49,76,18,27.05365239,67.7017527,7.393631868,60.4693835,5.414021234365773,6.070585,-0.656563539651561,0.656563539651561,12.127095761723112
50,59,47,40.76998685,92.09278584,6.747975732,209.8678411,8.600371687064756,8.22491,0.3754619046550882,0.3754619046550882,4.365647419864368
95,82,48,27.39489579,83.31172003,5.719014989,92.78133617,7.877346447965631,8.079897,-0.20255047891425182,0.20255047891425182,2.5713034237127097
101,37,18,22.92360984,82.68738535,7.63737841,92.91915074,7.033861120833806,6.890522,0.14333911765997787,0.14333911765997787,2.0378440119526586
117,27,48,26.53259325,82.39053979,6.835268183999999,54.30660782,6.530343835072301,6.442453,0.08789092751004546,0.08789092751004546,1.3458851437195782
21,29,12,22.30318989,92.15987039,6.438668989,117.3688104,4.83938465656655,4.8197136,0.019671064037253494,0.019671064037253494,0.406478621420636
82,24,33,26.53543168,67.09608099,6.809593554,120.6494434,6.112831270611046,6.0918646,0.02096668473458152,0.02096668473458152,0.3429946583898702
27,76,83,19.12829388,14.92241479,6.289614016,89.61857826,3.4798420759197635,3.602381,-0.1225389150622922,0.1225389150622922,3.5213929939594664
78,43,42,21.32376327,83.00320459,7.283736617000001,192.3197536,7.803164402602232,6.9962945,0.8068699041586287,0.8068699041586287,10.340290970795776
12,39,21,28.99319096,62.85948245,8.183844843,70.4713043,5.268272443540608,4.7750134,0.493258996732747,0.493258996732747,9.362822481542851
31,8,7,34.51465139,93.63812684,7.163245982,103.5684926,6.063507111536697,6.0025845,0.06092265413923581,0.06092265413923581,1.0047428496178668
40,24,25,28.70595247,50.44030129,5.445008416,95.8946444,3.4345119615420048,4.497383,-1.0628711561337765,1.0628711561337765,30.946788598650727
103,40,30,27.30901814,55.196224,6.3483162570000005,141.48316440000005,5.682725705264107,5.9627595,-0.280033789517387,0.280033789517387,4.927807605740709
30,41,15,24.83206631,44.17085032,5.88509677,52.0810886,3.4002917195177376,3.7381542,-0.3378624533796013,0.3378624533796013,9.93627845047131
50,64,25,28.84079155,63.37230676,6.734447425,70.25496749,5.972861628376757,5.7108107,0.26205096706083886,0.26205096706083886,4.3873604206038905
39,17,45,18.09691127,90.42177379,6.9244907310000015,104.88188999999998,5.394419186956172,5.474169,-0.07974959050964792,0.07974959050964792,1.4783721425002385
71,54,16,22.61359953,63.69070564,5.7499144210000015,87.75953857,4.809223230997432,5.5720267,-0.7628034985863081,0.7628034985863081,15.86126203644955
5,35,20,28.92952635,53.57014709,9.679240873,66.35634104,4.144739754443395,4.434259,-0.2895191833922981,0.2895191833922981,6.985219833933293
113,38,25,22.00085141,79.47270984,7.388265887999999,90.42224164,6.913700984343725,6.767963,0.14573805175705523,0.14573805175705523,2.107960007050974
63,58,47,26.83054058,90.75379971,6.864143752,144.66564440000005,7.395126244391621,7.5624022,-0.16727600399094733,0.16727600399094733,2.261976313356483
18,55,23,21.9989826,56.31006755,6.98571967,136.82743119999998,3.9622608396141077,4.8425126,-0.8802517679603552,0.8802517679603552,22.215896519475095
34,54,24,31.2119298,41.55934359,5.026003659,68.80141783,3.954825924182952,4.0823135,-0.12748761341470427,0.12748761341470427,3.223596078784241
11,72,20,19.52226241,24.92607153,5.9511774520000005,113.334026,3.3524652609214876,3.2066302,0.14583503097153638,0.14583503097153638,4.3500832856192195
118,21,34,24.38534644,64.72543073,7.234258375,119.6324109,6.241765561588054,6.5804906,-0.3387250275537914,0.3387250275537914,5.426750239360347
20,62,18,29.36358721,64.98742947,7.366542647,61.91208707,5.006373058679605,5.0735726,-0.06719957697102963,0.06719957697102963,1.3422806527477005
6,59,21,26.58972517,66.14007674,6.139215944,50.90994463,3.9253962470361334,4.0927086,-0.16731234061035094,0.16731234061035094,4.262304493124228
17,29,26,26.14162144,93.28415295,6.071897347,195.4115025,5.589578464352636,6.082781,-0.4932023736600595,0.4932023736600595,8.823605873062565
61,52,41,24.97669518,83.891805,6.880431223,204.8001847,7.368089427998932,7.547589,-0.17949939722689834,0.17949939722689834,2.436172890964053
31,26,9,11.69894639,93.25638873,7.566165721,103.2005992,4.609082718015271,4.664328,-0.055245380281848,0.055245380281848,1.1986198482815982
109,12,48,29.45771748,92.12534736,6.708743843,20.76212031,5.452335768075061,6.3709874,-0.9186516472386597,0.9186516472386597,16.848772458541898
84,7,51,26.81530456,87.65694462,6.399669044,55.74073582,6.051078122275232,5.638699,0.41237906755721454,0.41237906755721454,6.814968493617105
40,64,16,16.43340342,24.24045875,5.926676985,140.3717815,4.160585136567379,4.007163,0.1534220887768516,0.1534220887768516,3.6875123027389822
100,10,53,24.54356968,84.60808277,6.211748957,42.00660251,5.220651737662909,5.4054937,-0.18484199860418116,0.18484199860418116,3.5405923990426538
117,82,45,25.29391516,79.29122198,5.614471478,105.4220251,8.516306495831568,8.562323,-0.04601612074558048,0.04601612074558048,0.5403295521139798
24,63,19,19.3479443,55.96805489,4.681576043,194.5921148,5.518458615892339,4.769913,0.7485454193286181,0.7485454193286181,13.564393092899508
16,51,21,31.01963639,49.97675220000001,3.532008668,32.81296548,3.4964232471665175,3.476417,0.020006182499769487,0.020006182499769487,0.5721899520025897
91,94,46,29.36792366,76.24900101,6.149934034,92.82840911,9.006619092141605,8.420554,0.5860649310698278,0.5860649310698278,6.50704692930977
76,54,45,24.29496635,77.62976013,6.176618831,184.9800516,5.6907220033796335,7.4646716,-1.7739496084062552,1.7739496084062552,31.17266328161406
100,40,20,22.45145981,76.25674874,7.432043735,86.84998693,7.07130223678214,6.731841,0.3394611494408313,0.3394611494408313,4.8005464633527835
8,28,37,23.88404783,86.20613842,6.082571701,108.3121789,5.038528956020796,4.7720866,0.26644233568998565,0.26644233568998565,5.288097736772953
1,66,23,19.54317155,56.92831399,4.803564468,173.1686574,3.8974758632208824,4.0985317,-0.20105585980157858,0.20105585980157858,5.1586171885982015
60,61,78,20.71219282,19.83643308,6.317153205,94.03659867,4.514210166851326,4.7868137,-0.27260356911058814,0.27260356911058814,6.038787717779872
67,60,25,24.92162194,66.78627406,5.750254943,109.2162279,5.9423682461639675,5.9012074,0.041160799111965574,0.041160799111965574,0.6926665835382466
23,6,33,29.18032562,92.73041222,6.025789594,204.9603677,5.678460703174232,5.9819474,-0.3034867188533559,0.3034867188533559,5.3445244180999305
17,18,43,24.4880844,90.83687246,5.843005428,103.1969341,4.6786960246493035,5.0781345,-0.3994385120938606,0.3994385120938606,8.537389691261273
86,59,35,25.78720567,82.11124033,6.946636369,243.5120414,8.716282150699694,7.955782,0.7605002140541863,0.7605002140541863,8.72505273355725
21,74,15,29.49096726,67.10604388,6.471862118,153.2504506,7.149930955701306,5.6587806,1.491150380902722,1.491150380902722,20.855451474166877
39,140,203,21.11903604,80.63399198,6.349875906,69.27779761,8.425340516675078,7.7669015,0.6584390236025683,0.6584390236025683,7.814984121999742
25,71,24,28.49538735,60.44848407,7.187721817999999,74.91559514,4.3925058266781765,5.3490834,-0.9565775969363255,0.9565775969363255,21.77749181632242
31,29,35,27.1872282,92.19906776,6.137102505,141.3220576,6.249141223536908,5.681177,0.5679640842546814,0.5679640842546814,9.08867417038822
47,79,78,17.48395377,14.76014523,6.609696734,65.11365631,4.535745735586851,4.4534597,0.08228599590179275,0.08228599590179275,1.8141668580799821
21,62,24,33.49077065,62.73317204,6.8473828910000005,65.45328463,5.164045367648007,5.264873,-0.10082766015350675,0.10082766015350675,1.9524936939008586
38,14,30,26.92449525,91.20106019,5.5707453860000005,194.9022136,6.327711772237888,6.0849442,0.24276752403842483,0.24276752403842483,3.8365768349870106
60,46,22,24.89364635,65.61418761,6.625404347999999,87.9298085,5.039992183795086,5.4841094,-0.44411721790779524,0.44411721790779524,8.811863227402418
118,88,51,25.44926208,79.49221962,6.201911642000001,100.6619171,9.663330264980901,9.122433,0.540897556240667,0.540897556240667,5.5974238839878465
17,58,25,31.12896766,43.58788762,6.455592696,32.76742894,4.290563564381646,3.8472056,0.44335792549614794,0.44335792549614794,10.333326120062843
80,71,47,27.50527651,80.79783998,6.156373499,105.0776992,8.446676334295493,7.869047,0.5776291693785005,0.5776291693785005,6.8385379824865575
3,77,25,24.84906168,22.89464642,5.608165195,62.21292186,2.7401802182907,2.8753812,-0.1352010130172836,0.1352010130172836,4.934019015056637
0,27,38,22.44581266,89.90147027,6.7380162210000005,109.3905998,4.87280783180802,4.7906895,0.08211836342423062,0.08211836342423062,1.685237059589957
38,60,76,18.65054116,17.80852431,8.868741443,77.92798682,3.9762068992417117,4.573853,-0.5976461166579465,0.5976461166579465,15.030558816542507
18,19,29,27.59376845,92.48519606,6.206077742000001,162.8432736,6.489384146308329,5.480144,1.0092401224130656,1.0092401224130656,15.552171048268123
9,11,8,24.85903405,94.39000473,6.559236744,111.78037340000002,6.336768966458674,5.021946,1.3148230130895335,1.3148230130895335,20.749107629598925
38,61,21,30.27374995,67.38680755,4.696518678,127.7767134,5.721277793200029,5.0560346,0.6652432282281051,0.6652432282281051,11.627528889066944
100,80,52,27.53911354,77.25629897,6.049801781,110.3262123,8.22570621952626,8.244138,-0.018431544450791648,0.018431544450791648,0.22407248640899274
99,92,47,28.127950899999995,77.48247073,6.3239336470000005,103.5045395,8.469694214559453,8.861431,-0.3917369072667185,0.3917369072667185,4.625159980313344
28,136,200,23.06204373,92.39544055,6.245858905,114.7399101,7.803065141072802,7.927271,-0.12420574820942498,0.12420574820942498,1.5917558800790506
40,73,20,21.59343016,20.31871249,5.811314232000001,61.13872036,3.6526238983873776,3.7516782,-0.09905432999091834,0.09905432999091834,2.711867762641824
95,30,52,29.48069921,90.33698678,6.640470862999999,26.0365768,6.836576081891978,6.476388,0.36018810429188,0.36018810429188,5.268545248050546
13,47,20,29.21780035,87.93724219,6.54450214,43.1386631,4.718651533030708,5.0919323,-0.37328076372222174,0.37328076372222174,7.910750796265517
37,57,20,31.1006247,44.82069159,7.354286985,70.79934452,5.576898046759744,4.8688087,0.7080893004218538,0.7080893004218538,12.69683064823578
8,26,26,25.54759871,91.64194826,5.702484758,212.867626,5.097337452863368,5.652771,-0.5554335432303823,0.5554335432303823,10.89654252571358
98,44,21,25.77175115,74.089114,6.524478032,107.4931917,7.399560569015294,6.6796355,0.7199250442655378,0.7199250442655378,9.729294564870935
7,144,197,23.8494014,94.34814995,6.133220586,114.0512495,7.176636218184023,7.452105,-0.27546882713458043,0.27546882713458043,3.8384114612999722
29,8,28,26.87037587,91.72546257,6.100429497,214.4128874,5.598449043932728,5.958276,-0.359826751050182,0.359826751050182,6.427257767758755
7,63,24,22.95458237,24.03553105,5.858617867,107.7315386,3.3382714508069107,2.9106348,0.42763669471865384,0.42763669471865384,12.81012347319112
4,47,20,25.97948991,64.95585424,4.193189124,72.19245835,4.055391483006737,3.6277845,0.42760699242140987,0.42760699242140987,10.544160636851135
17,52,17,27.88352946,86.45147631,6.364967184,44.64407105,5.017284519712166,5.6163926,-0.5991080927451096,0.5991080927451096,11.940883368110834
38,77,22,28.234829,69.3159965,6.313284267999999,35.36831423,5.04837711641496,5.1077876,-0.05941049268538201,0.05941049268538201,1.1768235873704225
118,13,54,24.41311871,89.81574032,6.039584629,44.07843475,6.247571327175397,6.148951,0.098620273556012,0.098620273556012,1.5785377771845213
23,39,22,29.25649321,81.97952224,6.86483915,42.02483277,4.431228548614458,5.297748,-0.8665195402222121,0.8665195402222121,19.554837461343595
33,58,24,35.45790488,68.75810535,5.269504214,108.6333046,6.045632925349791,5.5720544,0.4735785392108749,0.4735785392108749,7.833398836127225
27,74,20,24.69487673,59.96669215,5.8598134160000015,91.95792434,4.760350917037746,4.8782325,-0.11788156205771294,0.11788156205771294,2.476320845083157
13,67,18,30.5753044,34.75591197,5.384762927000001,177.5764304,4.865253845091102,4.0495205,0.8157333525373911,0.8157333525373911,16.766511645850546
26,80,18,19.32509638,23.3334788,5.581021521,104.7783947,3.2680977028366227,3.3922203,-0.12412255587614585,0.12412255587614585,3.7980062765079126
78,48,22,23.08974909,63.10459626,5.588650585,70.43473609,5.416597158142682,5.140723,0.27587392968809255,0.27587392968809255,5.093122520167034
84,55,38,26.8748389,79.78725152,6.956682742999999,173.1017097,8.254760133563522,7.552049,0.70271097355986,0.70271097355986,8.51279700669515
22,60,85,18.8392908,14.74071856,7.811997977000001,94.78189594,3.5038805857288855,3.8505754,-0.34669486135363403,0.34669486135363403,9.89459694390566
9,139,199,23.25230817,94.54128292,5.867420996,105.3558408,6.446954173354815,7.4391227,-0.9921685034945504,0.9921685034945504,15.389724772593718
26,27,10,28.06903173,92.91487288,6.079998496,114.1339416,5.017762813002405,5.4980474,-0.48028453883475297,0.48028453883475297,9.571686760286944
104,47,18,23.9656349,76.97696717,7.633437412,90.75616738,7.537039996387837,7.043473,0.49356722951161647,0.49356722951161647,6.5485552650398695
76,60,39,20.0454142,80.3477562,6.766240045,208.5810155,7.11452892023841,7.0304227,0.0841062327078923,0.0841062327078923,1.182175709042924
23,21,26,26.45488737,93.45042636,5.901495543999999,149.2220255,6.270689067085055,5.569506,0.7011828987195763,0.7011828987195763,11.181911448936232
32,121,199,39.37102553,81.25353895,6.129812716,74.08101744,9.22776760302163,8.8298,0.39796795092201975,0.39796795092201975,4.312721863429951
17,74,17,26.03026959,69.55863145,7.393210848,37.11395801,5.082756630695648,4.9512315,0.13152515105087303,0.13152515105087303,2.5876735914635347
91,7,53,25.13735887,89.28272716,6.457216535,43.52897517,5.574337102472705,5.524057,0.050280191004199004,0.050280191004199004,0.9019940861110706
35,134,204,9.949929082,82.55138983,5.841138354,66.00817551,6.947911583591912,7.120627,-0.17271534283020706,0.17271534283020706,2.4858598263986136
30,120,200,38.06099482,82.24729637,6.234904253,65.70148216,8.918631388143751,8.372319,0.5463121666471693,0.5463121666471693,6.125515708311767
52,58,16,30.64095781,61.14508627,7.167435834,71.36947525,6.280181531438197,5.8166494,0.46353209448751365,0.46353209448751365,7.380870953603822
24,21,42,20.82210727,87.22815682,6.999014379,109.4429934,5.105007435916207,5.0038238,0.1011836787445759,0.1011836787445759,1.9820476270553413
25,78,76,17.48042641,15.7559405,7.228963452,66.96980581,3.494584049738047,4.079237,-0.5846529345148825,0.5846529345148825,16.730258199361607
17,11,32,28.74013335,93.39676499,5.620733794,156.76508230000005,5.245020134203781,5.585991,-0.340970771557938,0.340970771557938,6.500847715233775
67,35,22,23.30546753,63.24648023,6.385684213999999,108.7603001,4.854764639398344,5.4477215,-0.5929568419248978,0.5929568419248978,12.213915317599898
16,65,19,27.61204997,69.29786244,7.043160241,42.72374404,5.101186098450964,4.8553624,0.24582368313724334,0.24582368313724334,4.81895148290886
19,123,200,34.76086052,81.03544763,6.167013532,65.70430027,7.472811323738804,8.2148075,-0.7419961866371727,0.7419961866371727,9.929277677332504
105,14,50,26.2148837,87.68839820000002,6.419052193,59.65590798,6.137819636005417,5.939142,0.19867740883256513,0.19867740883256513,3.2369378804664146
78,46,42,23.09499564,78.45959697,7.095413294,155.3851533,6.447418873816012,6.8959875,-0.44856863686514004,0.44856863686514004,6.95733665896671
108,33,31,23.69287069,66.76090123,7.393825704,144.6576424,6.697862681266847,6.483896,0.21396690261084128,0.21396690261084128,3.194554931818506
83,21,28,25.5674832,60.49244602,7.466900682999999,190.2257843,6.472557446430157,6.3101673,0.16239013380808665,0.16239013380808665,2.50890216351267
37,65,16,22.8352024,18.97267518,5.683548308,63.59276673,3.3688741308058825,3.6017196,-0.23284548703774544,0.23284548703774544,6.911670724309474
77,51,44,23.25583402,82.7015932,7.124333547000001,166.2160846,7.269280182959802,7.380648,-0.11136795317911385,0.11136795317911385,1.5320355024996248
36,43,24,27.09400578,43.65305437,3.510404312,41.53749535,2.8788604219342893,3.3456585,-0.46679811879141875,0.46679811879141875,16.214683950456337
11,71,17,19.9191786,21.47324158,5.74644777,82.68554379,2.3662136973283796,2.8225067,-0.4562929688550921,0.4562929688550921,19.28367540811207
80,90,47,26.59743595,79.35898915,6.21084479,107.3944717,8.68261364780044,8.476261,0.20635250888442513,0.20635250888442513,2.3766174248315224
14,59,15,21.35135729,22.91244883,5.779090476,146.4548645,3.0684084940735907,3.7907321,-0.7223236512358575,0.7223236512358575,23.54066131126196
11,6,25,28.69164799,96.65248672,6.081568052000001,178.9635457,6.327384313879058,5.5959735,0.731410822210357,0.731410822210357,11.559449938990022
49,55,51,24.87212063,93.90560147,6.676578778,135.16945249999998,7.571551867271628,6.8167043,0.7548475940477513,0.7548475940477513,9.969522857138625
54,67,52,35.67667332,93.30641944,6.586107335,141.3381168,8.307681475838457,8.1544,0.1532816040122853,0.1532816040122853,1.845058750243133
35,48,15,27.10818093,87.45126690000002,6.981758362000001,55.03723979,5.551003439029977,5.351865,0.1991386242716766,0.1991386242716766,3.5874347126413513
31,36,29,33.93679864,52.72170281,6.460542749,97.4611918,4.749092461259427,4.69292,0.05617225328213227,0.05617225328213227,1.1827997399578059
38,21,35,20.33691147,89.38003827,5.841367187,110.9653137,4.914647611193253,5.1737046,-0.2590570129827725,0.2590570129827725,5.271120810223761
102,14,52,26.79489868,89.64815231,6.51075991,57.74091817,5.697344423910977,6.091432,-0.3940876706629979,0.3940876706629979,6.917041367712749
18,74,15,24.9035819,22.27512704,5.70836603,146.4727237,3.7895626419256025,3.9616182,-0.1720555431177324,0.1720555431177324,4.540248027944071
78,58,15,25.00933355,67.816568,6.5286312660000005,62.91359494,5.634257283358263,5.9012337,-0.2669763897374402,0.2669763897374402,4.738448677627846
29,138,197,22.19055385,92.43764169,5.830892252000001,121.6622761,8.111198470618934,7.82234,0.28885845902225427,0.28885845902225427,3.5612303171791657
40,68,17,34.1262979,65.14877461,7.733149554,70.40795007,6.2033742709665605,6.002858,0.20051610904029094,0.20051610904029094,3.2323716139256593
20,79,77,18.54988627,16.02542689,7.64867466,76.32565249,4.169261763834953,3.859001,0.3102608425855635,0.3102608425855635,7.4416254042101855
21,139,201,19.3642553,83.36094029,5.980598579,67.15094741,6.67346145951478,6.9656177,-0.292156197192984,0.292156197192984,4.377880938780852
6,140,205,17.66558428,82.92903419,6.313085601,69.8671263,6.848137462241998,6.0509014,0.7972360492781307,0.7972360492781307,11.64164787394798
102,73,54,26.4020227,84.41007614,5.720726906,111.0162259,8.701859886722357,8.041602,0.6602577520177668,0.6602577520177668,7.587547496888732
140,40,17,22.72767171,77.07598065,6.006085786,77.55176318,6.12116319157531,6.85267,-0.7315070011431954,0.7315070011431954,11.95045742531394
79,43,39,21.66628296,80.70960551,7.062779015,210.8142087,7.272050034215166,7.0105205,0.2615295759937304,0.2615295759937304,3.5963665646307112
31,25,38,24.96273236,92.40501423,6.4973666770000005,109.4169192,5.541689014313582,5.714312,-0.17262306225502133,0.17262306225502133,3.1149900654683917
35,41,18,28.70562673,81.59200689,6.705008503999999,59.87065439,4.589047691085249,5.7352915,-1.146243789932817,1.146243789932817,24.977813853613394
90,86,52,25.85036988,81.95580471,5.793260262,119.08561709999998,7.413862993887512,8.312957,-0.8990938161100468,0.8990938161100468,12.127197614136117
77,55,43,25.49941707,75.99987588,6.663559451,193.71418280000003,7.485499768270753,7.4927173,-0.007217497812010976,0.007217497812010976,0.09641971859519957
29,36,25,28.28511547,88.4393979,7.130278657000001,48.56690235,5.352593103004027,5.3350277,0.017565408301878804,0.017565408301878804,0.32816632917642474
77,57,21,24.9321581,73.80435276,6.550563822999999,79.74078719,6.685614029919724,6.610524,0.07508985236845422,0.07508985236845422,1.123155659785461
35,57,83,19.48316794,17.44534641,7.476800943,80.4986291,4.723695080485033,4.1706448,0.5530503203531971,0.5530503203531971,11.708002123973028
43,66,79,19.46233971,15.22538951,7.976607593,74.58565097,4.872013175942837,4.3848104,0.487202728249966,0.487202728249966,10.000028954266572
42,79,85,17.22385224,15.82069268,6.129533877,76.57580954,4.212401133734476,4.126837,0.08556435700107734,0.08556435700107734,2.031249026020958
27,120,200,21.45278675,90.74531921,6.1102188260000005,116.7036582,7.945019003444475,7.3548846,0.590134378963274,0.590134378963274,7.4277277210718795
74,54,38,25.65553461,83.47021081,7.120272972,217.3788583,7.330894318222927,7.605229,-0.2743345826864969,0.2743345826864969,3.742170747224713
28,66,23,21.53989176,24.25386207,5.99616119,120.6913038,3.867388741555644,3.6249568,0.24243189531846143,0.24243189531846143,6.268619772134517
39,64,52,28.91842453,94.63676767,6.678695788,63.68794608,7.044704260509654,6.9336553,0.11104899851624594,0.11104899851624594,1.576347202234605
103,33,25,27.10210397,55.74973320000001,6.911066044,139.5013171,6.199262789090636,6.0077143,0.19154851754522628,0.19154851754522628,3.089859618184122
52,65,20,32.81705216,66.15665137,6.814301033,68.83924882,6.519351823403159,5.984675,0.5346768928306496,0.5346768928306496,8.201381169693393
24,67,22,20.120043,22.89845607,5.618844277000001,104.6252153,4.063409433168894,3.298796,0.7646134946770724,0.7646134946770724,18.817042861486403
26,37,30,35.39986338,49.45962621,6.166173833999999,97.41054011,4.6787452301865,4.5446076,0.1341375908737561,0.1341375908737561,2.8669565080894395
12,27,26,29.09382275,45.5661059,5.32307197,96.23520043,4.004961097722612,3.86271,0.14225109863813934,0.14225109863813934,3.551872169720431
21,20,31,25.60033702,99.7240104,5.855457599,165.82487319999996,5.746472562129781,5.898523,-0.1520502917215376,0.1520502917215376,2.645976119742998
58,51,47,42.13473976,91.70445386,6.757470637000001,197.402901,9.15222572670769,8.422296,0.729930156334154,0.729930156334154,7.975438741683333
27,138,201,23.66682067,93.90191078,5.952367662,105.4004751,8.56708356121052,8.134568,0.43251534679401615,0.43251534679401615,5.04857159036397
22,78,76,17.84851658,19.09172907,8.621662982,76.32470713,3.8229764809647993,4.4149156,-0.5919390807112261,0.5919390807112261,15.483722791876536
22,9,44,24.72235539,88.87651295,5.744361602000001,112.1926517,4.681714653636767,4.9771376,-0.29542291197602566,0.29542291197602566,6.310143480157221
40,58,75,18.59190771,14.77959596,7.168096055,89.60982451,4.331419130612478,3.8968995,0.4345196688662618,0.4345196688662618,10.031808415751705
100,14,49,29.48882958,91.07574233,6.365956657999999,26.01909355,6.317865533308201,6.1911316,0.12673394151132644,0.12673394151132644,2.0059613621590517
26,122,202,22.44516988,94.73763514,5.617227184,107.1843273,7.176070490620283,7.699064,-0.5229932873033007,0.5229932873033007,7.2880176969679455
98,26,49,27.29035669,90.53330091,6.130160472999999,23.49535234,6.24645964352044,6.346135,-0.09967549594489178,0.09967549594489178,1.5957118373171093
89,25,50,27.04863538,91.34685096,6.375923383,25.08146686,6.847761531118622,6.2288313,0.6189302399198917,0.6189302399198917,9.038431567852594
9,38,25,34.58561471,50.34035336,5.497946899,100.3060719,4.156296909230899,4.2327986,-0.07650166712408168,0.07650166712408168,1.8406208409744704
28,27,34,32.45465292,50.69693751,6.526654345,95.04871605,4.093506590300711,4.9018435,-0.8083369575203339,0.8083369575203339,19.74680972630248
130,59,19,25.07278712,82.50257909,6.520403794,93.51042684,8.107840210404037,8.224418,-0.11657747605836555,0.11657747605836555,1.4378363785311472
27,22,29,28.83214859,92.17170353,6.000248647,145.41723869999996,5.710668208534626,5.673372,0.03729641669502648,0.03729641669502648,0.6531007464115456
0,17,42,23.20242586,91.19442671,6.8598408210000015,109.0946323,4.131362859926928,4.765966,-0.6346030786411871,0.6346030786411871,15.36062312019747
85,52,45,26.31355498,82.36698992,7.224285503,265.5355937,7.665510471127843,8.194603,-0.529092495180751,0.529092495180751,6.902247373786503
118,18,52,28.04943594,90.83130708,6.562832807,20.76223014,6.801824297927932,6.65717,0.14465447904975814,0.14465447904975814,2.1267012012325113
116,36,25,27.57847581,58.52534263,6.172090205,156.6810374,7.420392268663431,6.235824,1.1845681605396514,1.1845681605396514,15.96368652290962
58,46,45,42.39413392,90.79028064,6.576261427,88.46607497,7.917687787977944,7.4868145,0.43087328907657696,0.43087328907657696,5.441908049605166
2,56,23,26.65333029,59.79023382,7.550090941,36.91852635,4.85049273646157,4.1377025,0.7127902714041969,0.7127902714041969,14.695213664502399
76,51,18,26.16985907,71.96246617,6.247040422,79.84925393,6.167839595788617,6.1742015,-0.006361892706255645,0.006361892706255645,0.10314620877299607
21,31,32,35.38598705,51.42664176,5.254532213,90.29643888,3.3358256678824088,4.373934,-1.038108124231849,1.038108124231849,31.11997531006598
110,22,47,29.03157242,91.82172592,6.243673725,24.93861254,6.591864713038459,6.4703074,0.12155736287976726,0.12155736287976726,1.8440512384808414
23,75,25,31.07508973,47.19847683,7.077170002000001,91.31256412,5.3235194556324394,4.9084396,0.4150798194019707,0.4150798194019707,7.797094062703276
23,59,25,27.826262300000003,88.73100226,6.320768488,56.68833819,5.9958302008489754,5.421024,0.574806355176368,0.574806355176368,9.586768402730597
86,40,33,26.1387869,52.26311691,7.432322234,136.3027766,5.397768010428793,5.891395,-0.493627081581705,0.493627081581705,9.145022176351217
37,144,197,11.18994268,80.8084305,6.415555956,66.34234944,6.685734152755108,7.4140916,-0.7283574343115422,0.7283574343115422,10.894202755749644
24,14,33,29.38072512,93.27565685,6.366219551,218.5241851,5.770633413351312,6.16596,-0.3953264217011778,0.3953264217011778,6.850659076463337
129,60,22,24.58453146,79.12404171,5.947448589,71.94608134,7.7459615720907795,7.8491516,-0.10319003923734549,0.10319003923734549,1.3321785588137454
27,71,23,23.45379018,46.48714759,7.10959773,150.87122019999995,5.354743955300625,4.5656176,0.7891263939602933,0.7891263939602933,14.736958490408162
91,56,37,23.43191632,80.56887849,6.363472207999999,269.5039162,7.825318263290083,8.06593,-0.24061210322603,0.24061210322603,3.0747899974213553
38,135,203,23.76121837,93.661643,5.9655513110000005,100.825956,8.582782290806142,8.497547,0.08523514114793862,0.08523514114793862,0.9930945264595878
39,25,36,18.90223032,94.99897537,5.567805185,107.6103211,4.475435791955837,4.8150725,-0.3396367445126689,0.3396367445126689,7.588908886216915
118,31,34,27.54823036,62.88179198,6.123796057000001,181.4170812,7.137044726479384,6.5488153,0.5882294760826552,0.5882294760826552,8.24191943060474
28,76,82,20.56601874,14.25803981,6.654425315,83.75937135,3.551839777455462,3.9173007,-0.36546092368589544,0.36546092368589544,10.289341484533733
106,49,24,23.03887865,76.47039772,6.983395572999999,90.64770699,6.460182673743974,6.7787666,-0.3185839583361041,0.3185839583361041,4.931500770572947
82,35,35,25.49386782,86.97061481,7.299076163,176.5268267,7.637330531272153,6.8930836,0.7442469588844576,0.7442469588844576,9.744857261801501
40,16,35,31.89356292,49.02450149,6.4841522000000005,89.59371481,4.388630547978294,4.865732,-0.4771016450148702,0.4771016450148702,10.87131030509406
94,70,48,25.13686519,84.88394407,6.195152442,91.46442491,7.67357462188287,7.7823915,-0.1088169262738683,0.1088169262738683,1.4180734746952628
32,68,52,32.68067385,92.61715632,6.800321319,248.8592986,7.761209975716307,8.380118,-0.6189083943398455,0.6189083943398455,7.974380235508632
12,129,205,22.36238282,91.15761594,6.119432215,118.68327250000002,7.4349563022258645,7.4243484,0.010607947886264846,0.010607947886264846,0.1426766675560562
54,61,77,18.81198127,15.21618225,6.206582192999999,77.54294240000002,4.49460849192031,4.1538343,0.34077414896376723,0.34077414896376723,7.581842769539474
65,37,40,23.35905428,83.59512273,5.333322606,188.413665,6.20808540599219,6.4933257,-0.28524030430444114,0.28524030430444114,4.594658186066843
6,69,19,26.88630675,41.69617915,4.7509292180000005,94.46748008,2.9290586281155746,2.8783574,0.0507012176846664,0.0507012176846664,1.7309731255630516
32,41,16,28.63618921,61.39451307,7.702287236,68.54877876,5.099344520977002,5.353211,-0.2538664050789059,0.2538664050789059,4.978412500559321
8,54,20,28.3340432,80.77275974,7.034214276,38.7976407,4.411127158853802,4.9202943,-0.509167125966755,0.509167125966755,11.542789578051025
60,58,37,26.13871511,79.1188943,6.067302109,171.4892533,7.084592518787959,7.147756,-0.0631635809129687,0.0631635809129687,0.8915626515634071
39,24,39,23.65374106,93.32657504,6.431265737,109.8076178,5.294851191747444,5.7412663,-0.44641505886290744,0.44641505886290744,8.431116242864201
25,121,201,30.50734778,82.71775569,5.594240602999999,70.08200379,7.829839133884797,7.3813896,0.44844951596487537,0.44844951596487537,5.727442266650705
23,45,21,31.46511256,51.79939437,8.985348193,74.44330654,4.77655304260837,5.1098714,-0.33331834487331946,0.33331834487331946,6.978219270256479
60,55,40,24.9949957,88.95692783,7.02777956,151.4935635,6.617428467469167,7.2778764,-0.6604479096365461,0.6604479096365461,9.980431415061961
100,48,16,25.71895816,67.22190688,5.54990242,74.51490791,6.418680948047663,6.048518,0.3701627672004948,0.3701627672004948,5.76696006853379
16,14,30,29.70931288,96.30484325,6.37466756,209.84539930000005,6.182810390237036,6.2900233,-0.10721293663674292,0.10721293663674292,1.7340485939215837
88,38,15,25.08239719,65.92195844,6.455116637000001,62.49190812,5.944025297390189,5.8248053,0.11922003768559897,0.11922003768559897,2.0057121516280265
36,56,83,18.89780215,19.76182946,7.4526709,69.09512477,4.08816264408314,4.188976,-0.10081316692149844,0.10081316692149844,2.465977401055872
95,74,50,25.90113128,80.47152737,6.002481605,110.10323,6.53226899446567,8.045076,-1.5128073757735878,1.5128073757735878,23.158987743084104
99,41,36,24.45802087,82.74835604,6.738652179,182.5616319,8.08224520564377,7.1399455,0.9422996985942103,0.9422996985942103,11.658885304991855
34,6,30,27.0828252,97.00155491,5.948342571,171.7575545,5.744678618551757,5.957985,-0.21330630576464937,0.21330630576464937,3.713111210012724
100,35,36,25.31042337,72.01364411,6.346715209,190.5577618,7.075795248231861,6.6452327,0.4305625707721443,0.4305625707721443,6.085006075885755
39,37,25,33.33024826,45.61143594,6.953246506,98.28583013,5.348555626870853,5.1406784,0.20787722110913442,0.20787722110913442,3.8866048258855255
81,25,49,29.86895762,93.25103208,6.076459669,26.26243014,5.848938246376984,6.452799,-0.6038605970068049,0.6038605970068049,10.324277186220169
2,123,205,22.36629253,90.78572467,5.739652177000001,124.9831618,6.541497304855648,6.6773257,-0.13582842069977197,0.13582842069977197,2.076411781121559
117,79,49,25.40909896,82.36208097,6.176644228,112.9794804,8.182430575611301,8.805641,-0.6232105987051053,0.6232105987051053,7.61644835169953
38,72,21,28.23416057,49.4421345,5.902103172,186.5008581,5.217349250144753,5.234172,-0.0168226172258521,0.0168226172258521,0.32243609578916654
30,64,20,33.8642935,61.57072498,6.573531614,68.02199825,6.1919521466007605,5.3669887,0.8249634876957312,0.8249634876957312,13.323156706703834
12,8,10,16.14820285,91.4448027,7.995848977,107.4287664,4.814966253003556,4.6251483,0.1898179566473548,0.1898179566473548,3.9422489519827297
31,70,77,20.88818675,14.32313811,6.492546046,90.46228334,3.9085379773953237,3.8900812,0.01845681017425438,0.01845681017425438,0.47221775203407695
113,30,50,26.03967219,83.9862443,6.277484042999999,43.87712348,6.846410897188439,6.2191224,0.6272884873678821,0.6272884873678821,9.162296811976121
117,76,47,25.56202173,77.38229006,6.119216009,93.10247183,8.392567411851058,8.478517,-0.0859491668232586,0.0859491668232586,1.0241105326349915
28,123,198,23.46260321,91.45665004,5.682751473,111.7763395,7.410923242713007,7.722214,-0.3112909792413383,0.3112909792413383,4.2004345348931205
58,63,81,19.81344531,14.69765308,6.515499548999999,78.96514709,4.828536220093664,4.3207517,0.5077845530709588,0.5077845530709588,10.51632482237254
108,24,31,24.12832546,56.18107663,6.431899747999999,147.27578180000003,6.408307843240074,5.8957143,0.512593560250572,0.512593560250572,7.998891014439813
27,61,18,33.30711818,67.07780816,5.266227032,108.5090168,5.239392793346623,5.0436816,0.195711171795109,0.195711171795109,3.7353788790876274
1,15,9,29.98364695,94.55239717,7.53350946,115.3560318,5.594024788048986,5.527066,0.06695855727506039,0.06695855727506039,1.1969656877121804
14,128,205,22.60800988,94.58900601,6.226289556,116.0396587,7.167876588321867,7.8334656,-0.6655889878500076,0.6655889878500076,9.28572052892772
24,6,32,28.11321494,90.01734526,6.387067562,172.48136409999995,5.693352031834156,5.5188303,0.17452173245671432,0.17452173245671432,3.0653599405215566
61,51,51,39.30050027,94.16193416,6.574677594,120.9512466,8.19983776357866,8.491883,-0.29204551431440606,0.29204551431440606,3.5616011283977946
114,8,50,24.74631269,88.30866319,6.581587932000001,57.95826144,5.611622839863717,6.299068,-0.6874451342268593,0.6874451342268593,12.250380216991818
24,37,21,30.573999,58.22686794,5.818219385,62.74803826,4.3096848548226525,4.3587837,-0.049098867101175614,0.049098867101175614,1.1392681542881882
58,55,47,26.05375792,93.69111672,6.7424900270000006,240.6863901,8.151633902538633,7.8385334,0.3131005010493748,0.3131005010493748,3.8409539092753797
58,66,79,20.99373558,19.33470387,8.718192847000001,93.55280105,5.500754477835557,5.045587,0.45516741499986324,0.45516741499986324,8.274636085538633
15,6,41,19.0087067,88.83768149,6.8973684770000006,108.6793978,4.335671262385505,4.880173,-0.5445019439438408,0.5445019439438408,12.558653804491938
49,69,82,18.31561493,15.36143547,7.26311855,81.78710463,4.7211970395281515,4.1465664,0.5746306485369406,0.5746306485369406,12.17129138491476
35,66,47,31.7018373,91.66232213,6.953439161,48.83810592,7.007276967665323,6.850106,0.1571712051836336,0.1571712051836336,2.242971212767685
0,65,24,28.49584395,62.44616219,7.841496029,53.14531023,4.3613404018415824,4.664385,-0.30304444007736286,0.30304444007736286,6.948424386901832
29,139,205,23.64142354,93.74461474,6.155939452999999,116.6912176,8.266391457080783,8.226982,0.03940934038156385,0.03940934038156385,0.47674176315237043
21,21,38,22.5526059,89.32594859999998,6.327673765,104.8955643,4.306033118745306,5.03946,-0.7334270634446352,0.7334270634446352,17.032545807690894
26,80,83,17.08498521,16.14565756,7.528599957000001,71.31007253,5.002468984520831,4.177217,0.8252519778374818,0.8252519778374818,16.496893441839696
8,37,33,28.07802689,54.9640534,6.128167757000001,97.45373619,3.822999730788567,4.0150485,-0.19204877308716561,0.19204877308716561,5.0235099819782585
49,55,78,18.65580107,16.17772668,7.863113671,81.70769297,4.3723340758614775,4.260304,0.11203010170986616,0.11203010170986616,2.5622493562043966
20,7,45,18.90592319,89.24126808,6.077886012,112.4750941,5.190048489330547,4.703225,0.4868233535273241,0.4868233535273241,9.379938444276817
91,24,55,26.27061608,83.09194521,6.259086582999999,46.76837499,6.705330853424094,5.72491,0.9804210710144261,0.9804210710144261,14.621516707319095
3,67,24,17.00067625,19.90790546,5.520880013999999,103.2926407,3.224413306051818,2.6540544,0.5703589027467642,0.5703589027467642,17.688765322865784
8,50,21,28.62911222,89.11480590000002,6.218923893,50.49913241,5.366598825117975,5.1300206,0.2365782066792539,0.2365782066792539,4.408345292589542
101,25,52,29.09910406,94.22237826,6.750145572,22.52497327,7.226162037150088,6.808784,0.4173780291239648,0.4173780291239648,5.775929559539378
97,22,50,26.26028739,86.14585891,6.769893799999998,58.97878791,6.199716144990495,5.988773,0.2109432758803873,0.2109432758803873,3.402466676653157
19,65,25,18.09551014,18.29318436,5.6250964460000015,144.7902323,3.5489198809475013,3.7253263,-0.17640641871985707,0.17640641871985707,4.970707275385421
95,7,45,27.30008597,90.80015308,6.031665834,25.09484511,5.4907646178446825,5.936048,-0.445283413008589,0.445283413008589,8.109679507321118
18,20,26,31.66524687,51.98594645,5.435840509,89.98024312,4.285113491232416,4.0143337,0.27077976625682965,0.27077976625682965,6.31908038867256
93,56,36,24.01497622,82.05687182,6.98435366,185.2773389,6.919479810604743,7.82589,-0.9064102536347587,0.9064102536347587,13.099398776272187
50,55,16,28.81460716,65.33538112,7.581442888,62.26242533,5.965139112553503,5.709174,0.2559649563645383,0.2559649563645383,4.291014032277399
48,65,78,17.43732714,14.33847406,7.861128148,73.0926704,4.723498634075188,4.493804,0.2296946561088795,0.2296946561088795,4.862807717395505
111,88,55,29.44795403,78.34971537,5.505393832999999,96.45042585,8.22838250908625,8.942498,-0.7141156980060348,0.7141156980060348,8.678688639200564
21,80,20,28.20667264,68.27085245,7.350869792,64.32887142,5.665552797162363,5.3869514,0.2786013506291596,0.2786013506291596,4.917461024609978
5,77,19,31.08564994,66.68832981,6.242052013,175.9303271,4.436789483501849,5.128527,-0.6917376809573792,0.6917376809573792,15.590951149014346
54,66,52,36.56769731,93.79503425,6.867554147000001,104.4218596,7.849086236855044,8.326077,-0.476991224387632,0.476991224387632,6.077028713838566
14,74,19,18.39759147,36.82639309,6.624966131,93.12330644,2.804538136946561,3.7563846,-0.9518464741831996,0.9518464741831996,33.939509028018485
31,53,16,28.7420098,85.81675947,6.452006451,48.54598575,5.6968747255835845,5.678295,0.018579590085537667,0.018579590085537667,0.3261365394274908
36,27,26,26.58413917,95.78923137,6.25449571,171.6262299,6.374524195710169,6.1339173,0.2406068640146124,0.2406068640146124,3.774507031858666
108,46,17,24.3017998,84.87668973,6.93221485,65.0247867,7.100185467511152,6.828695,0.27149064710709947,0.27149064710709947,3.823712047373684
32,139,198,35.89307536,82.66850729,6.358186848,66.53946559,8.702961299196115,8.942473,-0.23951211236394343,0.23951211236394343,2.752076036303493
29,128,198,22.44075021,92.70785115,5.685062404,121.4977331,8.237521170435386,7.7461233,0.4913978565315773,0.4913978565315773,5.965360772549067
22,68,16,27.70496805,63.20915034,7.74672376,37.46160727,5.847792625601619,5.0075417,0.840250969107478,0.840250969107478,14.368686150546136
109,91,53,29.66727337,83.51014178,6.010095852999999,110.2511102,9.168798898520276,9.127315,0.04148433095435777,0.04148433095435777,0.45245109434184233
65,39,45,23.66805429,70.89000744,6.768001309,184.4633281,6.84779432965531,6.51134,0.33645418835892293,0.33645418835892293,4.9133220444700285
33,138,198,22.29423493,90.69033986,6.222390797999999,122.7418744,8.569512458265326,8.393566,0.17594632667352883,0.17594632667352883,2.0531661226984737
22,26,38,22.92052307,85.12912161,6.988035315,110.2437841,5.103500100444038,5.074494,0.029006215403755142,0.029006215403755142,0.5683592599759411
29,121,196,22.84852833,94.32130209,6.079497202000001,123.5977843,7.935250955870046,7.872219,0.06303187017668677,0.06303187017668677,0.7943273694458193
20,41,20,29.27308605,89.4875022,7.073048264,50.9246554,5.973639578688122,5.4403667,0.5332728336930046,0.5332728336930046,8.927100918434006
117,19,55,28.80311922,91.78336933,6.121745389,25.16359891,7.102252853128671,6.6251965,0.47705639621949114,0.47705639621949114,6.716972854737764
80,15,28,23.11438731,68.00096043,6.703270635,161.8944624,5.47315540611168,5.9720087,-0.49885329902748055,0.49885329902748055,9.114546582587964
95,37,35,27.31317116,68.42333909999999,6.348337518999998,192.4288139,7.944927776060943,6.393448,1.5514799000843809,1.5514799000843809,19.527929564812194
40,70,20,31.80130272,45.03186173,5.623490042999999,147.03614419999997,4.900641594636982,5.462797,-0.5621555702800105,0.5621555702800105,11.47106066469349
81,36,38,23.76554749,87.98329901,6.334837865,150.31661519999997,6.2733736608525295,6.7121296,-0.43875593204297836,0.43875593204297836,6.993939079078433
22,79,17,21.42451099,20.39659714,5.912289889,116.5206923,3.8902700028429535,3.3003654,0.5899045548449067,0.5899045548449067,15.163589016027496
93,94,53,25.86632408,84.42379269,6.079178787999999,114.5357503,8.793313627049233,8.487411,0.30590308170011227,0.30590308170011227,3.478814638876516
68,41,16,21.77689322,57.80840636,6.158830619,102.0861694,5.229185627511358,5.030905,0.1982808576138968,0.1982808576138968,3.7918114164989287
61,41,44,24.36972377,82.11319791,6.537914957999999,159.92109340000005,6.560318237096522,6.7124977,-0.152179474085119,0.152179474085119,2.3196965236319222
99,50,15,18.14710054,71.09445342,5.573286437,88.07753741,5.459884536903413,5.9170456,-0.45716105635830573,0.45716105635830573,8.373090186584527
9,66,21,30.11812084,34.13307843,5.719889876,157.0858232,4.454924979819976,4.2692747,0.18565026821108965,0.18565026821108965,4.16730402985578
2,36,31,30.90225239,49.95955487,5.73171945,91.77522598,4.480045116803778,3.8746436,0.6054015525795347,0.6054015525795347,13.513291424427651
13,69,19,17.30844532,20.01730914,5.86390397,115.199245,3.8531393098011355,3.0573888,0.7957505272999148,0.7957505272999148,20.6520051137467
40,30,35,20.89273273,91.07776977,6.269663962999999,104.4407083,4.988831011520244,5.707083,-0.7182522137300005,0.7182522137300005,14.39720471732571
90,16,45,24.92093261,80.61750795,6.291540277999999,50.55710813,4.668548406613779,5.501737,-0.8331887111535554,0.8331887111535554,17.846847426347864
41,74,18,28.75751783,61.02701476,6.599147297999999,73.37686831,5.719367782391222,5.670583,0.04878501108995259,0.04878501108995259,0.8529790869569848
63,58,22,18.25405352,55.28220433,6.204747652999999,63.72358154,4.981308036112077,4.75475,0.22655826117921585,0.22655826117921585,4.548168062219358
67,47,44,26.73072391,81.78596776,7.868474653,280.4044392,8.102119230659579,7.7916417,0.3104775184708579,0.3104775184708579,3.8320531904290736
8,45,15,28.09568993,60.98353839999999,4.61136408,33.84110759,3.4301724001785177,3.3399863,0.09018607586821492,0.09018607586821492,2.6291995079757897
0,55,22,22.98666928,20.57940608,5.916779289,143.85849380000005,2.0,2.9169114,-0.9169113636016846,0.9169113636016846,45.84556818008423
22,38,31,31.53356352,53.06009323,5.8211060360000015,98.57025046,4.364804346681479,4.7303553,-0.3655509160748682,0.3655509160748682,8.374966826469397
111,39,22,22.60361557,80.35090459999998,6.135025006,88.57395505,6.838409377710039,6.678495,0.15991444744270478,0.15991444744270478,2.3384743236336476
56,65,45,38.2016825,93.97379963,6.751298936,218.09088140000003,8.862412638727601,8.342077,0.520335383478578,0.520335383478578,5.871261074041841
23,35,18,26.4908332,47.36534833,5.414492777,36.99362831,3.5256219674712685,3.3770232,0.1485987474090127,0.1485987474090127,4.2148236192093576
102,49,21,24.69315538,84.84422454,6.253343655,89.799462,7.2261942900212555,6.8208766,0.40531769166310117,0.40531769166310117,5.609006281810185
29,45,16,28.43683487,87.91332682,6.583381939,43.12063289,5.624273731526122,5.3381157,0.2861580393874501,0.2861580393874501,5.087910956101392
32,25,9,10.35609594,93.75652041,7.796034006,101.1456947,4.660102047800098,5.02812,-0.3680179930934564,0.3680179930934564,7.897208887672047
89,41,38,23.12844351,74.68322732,6.344751947000001,199.83629130000003,6.587971178820828,6.836471,-0.24849990195920135,0.24849990195920135,3.7720247283121844
48,62,15,25.36586097,66.6379724,7.538631462000001,65.81655892,5.761361624854951,5.7528725,0.008489157813935222,0.008489157813935222,0.1473463803645366
20,40,15,29.57329479,88.07505524,7.199495367999999,45.04467075,5.343876274809453,5.550021,-0.20614489676037095,0.20614489676037095,3.8575911222368537
111,32,34,25.46743689,69.35161206,6.392048018,171.37644619999998,7.16182755651185,6.601133,0.5606946867913907,0.5606946867913907,7.828933081215873
96,86,51,29.90888522,76.98740841,6.257369799,91.99964712,8.367901280195877,8.500807,-0.1329055282758027,0.1329055282758027,1.588277918506845
18,58,16,21.47607807,38.80023714,4.962661422,180.382234,4.63883541028964,4.062472,0.5763635436819738,0.5763635436819738,12.42474657332123
35,68,45,42.93605359,90.09448142,6.612429546,234.8466111,8.40618605381632,8.592007,-0.18582062953328915,0.18582062953328915,2.2105224455379324
27,139,205,22.48403042,93.40819246,5.7721799460000005,105.5473627,8.361044131066912,7.792073,0.5689713580871754,0.5689713580871754,6.805027567945293
37,11,36,24.24779615,85.56033312,6.710143266,106.9216033,5.991644995192861,5.307612,0.6840330529016017,0.6840330529016017,11.416448295091017
63,42,21,23.26237612,72.33125523,5.798423907999999,67.10225139,5.062087315205359,5.665262,-0.6031749070846804,0.6031749070846804,11.915537396458573
20,19,35,34.17719782,50.62161586,6.113935087000001,98.00687989,3.84406232832154,4.2736073,-0.4295449257067805,0.4295449257067805,11.174244562635272
10,18,35,27.79797651,99.64573002,6.381975465,181.6942283,5.138627406245531,5.6801777,-0.5415502823531018,0.5415502823531018,10.538812012229123
35,131,203,22.42776057,93.91722423,5.893490899,102.7230739,7.754436316486396,8.300169,-0.5457326746024709,0.5457326746024709,7.0376833638082825
28,70,21,25.39038396,60.4989659,7.437373666,39.18374505,5.006928411141771,4.9712243,0.03570410312785466,0.03570410312785466,0.7130939409559635
89,57,43,26.91515043,73.19897535,6.998787171,177.22330480000005,7.796595668073929,7.161101,0.6354948036635282,0.6354948036635282,8.150926772639998
11,40,23,29.61253065,63.04749127,5.80428611,50.1978269,4.1947861062384115,4.103972,0.09081414807801114,0.09081414807801114,2.1649291710715346
5,65,19,18.28072173,68.10365387,6.978361689,48.80253285,3.836614507994328,4.042944,-0.20632944647344553,0.20632944647344553,5.377904036058829
26,9,32,25.9490364,94.73860514,6.470465614,144.15711090000005,5.154435546760348,5.6399283,-0.4854927941515168,0.4854927941515168,9.41893229136714
44,77,21,32.63918668,61.3009051,7.326980454,61.83876146,6.065959009833589,6.085728,-0.01976915865395945,0.01976915865395945,0.3259032680885489
71,52,43,26.47549543,73.96164569,6.732826127,180.2513601,7.7254898797943845,7.197727,0.5277626764252439,0.5277626764252439,6.831446091277391
10,59,22,28.60901145,86.99495766,7.1556850160000005,36.94616965,4.724117114821205,5.3595085,-0.6353913995830922,0.6353913995830922,13.44995020529122
125,60,17,24.14386157,84.51591287,6.785723961,80.36146974,7.708711805697717,8.131869,-0.4231575104033576,0.4231575104033576,5.489341423953487
86,6,53,25.92030221,83.47202566,6.921847887999999,42.10681516,5.6605134689677055,5.663811,-0.0032977378499214893,0.0032977378499214893,0.05825863445075222
22,144,196,21.91191314,91.68748063,6.4992268210000015,117.0761277,8.022357400445678,7.993941,0.02841657021496502,0.02841657021496502,0.35421720569799536
38,132,197,20.42094753,81.54185044,5.931101816,66.93065667,7.753346893981826,7.620179,0.13316771765125957,0.13316771765125957,1.7175513938970641
25,7,35,28.38503882,99.18843684,5.55771171,189.67113490000003,6.363765121943613,5.9826975,0.3810676350661719,0.3810676350661719,5.988084534298254
24,130,195,29.99677232,81.54156612,6.112305667,67.12534492,7.771948368440788,8.06263,-0.29068133126624307,0.29068133126624307,3.740134616006973
120,19,49,25.79448878,84.26830701,6.762471628999998,56.45229202,6.402508943571151,6.3823104,0.02019855309873897,0.02019855309873897,0.3154787174334308
70,36,42,21.84106875,80.72886384,6.9462098810000015,202.3838319,6.128355310852258,6.751423,-0.6230675712278204,0.6230675712278204,10.166962253713905
33,29,34,31.40948821,49.21729127,6.832979508999999,92.99739415,4.820992937413123,4.762221,0.058772077885534735,0.058772077885534735,1.2190865792280337
38,15,30,28.91862016,48.13974548,5.075504537,97.01331604,4.635013133889676,4.348554,0.2864589995207796,0.2864589995207796,6.1803276764479165
112,39,29,26.12492233,63.37479229,6.726528895,147.8035305,6.777032191329141,6.571368,0.20566397386087942,0.20566397386087942,3.0347203326555796
21,23,42,19.54128063,90.29751796,6.902751061,104.3739878,4.248056193143887,4.9899845,-0.7419283191852148,0.7419283191852148,17.46512488188465
95,75,45,28.98333432,82.95958244,5.829898502000001,109.022564,7.855069678330699,8.230974,-0.37590451905699673,0.37590451905699673,4.785502031814963
6,128,200,25.96308415,82.57813624,5.838748311,70.31782647,6.048287070222807,6.715186,-0.6668990488567825,0.6668990488567825,11.026246623446317
66,58,35,23.5643831,79.46283115,7.321619041,185.25947,7.092669262440499,7.3267694,-0.23410008951872996,0.23410008951872996,3.300592215097579
36,29,13,20.68185224,90.91510525,7.829507245,109.7513927,5.204974152783047,5.7416897,-0.5367155292237893,0.5367155292237893,10.31158875086465
112,49,25,25.68959532,77.90621048,6.470135478,66.19426787,7.299442381691212,7.0120077,0.28743466837334086,0.28743466837334086,3.93776200075635
18,17,31,31.74592134,45.16127859,5.667507706,93.75441586,3.2920826513486903,3.9139977,-0.6219149987977941,0.6219149987977941,18.89123283533024
57,57,51,39.01793345,91.48815629,6.99223441,105.8841531,7.738532604358076,8.178044,-0.43951171479475626,0.43951171479475626,5.679522685570109
106,10,49,27.72653142,92.00687531,6.350623739,20.21126747,6.128760692366408,5.9516306,0.177130100020217,0.177130100020217,2.8901454782014726
11,45,19,28.70012137,44.359648,3.828031463,44.11622138,2.9728956270645415,3.0514674,-0.07857179160611283,0.07857179160611283,2.642938113629478
66,47,36,24.85441411,74.44070479999998,6.57256106,175.572958,6.265783628269431,6.6740656,-0.40828196163535413,0.40828196163535413,6.516055865595202
32,73,81,20.45078582,15.40312102,5.988992796000002,92.68373702,3.450093348860196,3.5321639,-0.08207050955350015,0.08207050955350015,2.378790984905197
22,43,24,25.42517036,53.22082660000001,4.52363558,46.19374559,3.5858875752501023,3.5760195,0.009868049722148164,0.009868049722148164,0.2751912745468576
31,11,45,24.83954414,86.88738076,6.034612928,107.6435771,4.302925731077697,5.6781144,-1.3751886831373907,1.3751886831373907,31.959386916793598
101,11,51,25.50736962,84.24340241,6.792035575,44.2068997,6.785524190221098,5.88071,0.9048140652516157,0.9048140652516157,13.334475567202029
32,48,18,26.45707778,56.40226277,5.993513566,64.16167699,3.200020660125701,4.398664,-1.1986433375244454,1.1986433375244454,37.45736246207114
133,57,19,23.54234715,75.98203329,7.947011366,84.12536744,7.028002039078286,7.8851614,-0.8571593607630223,0.8571593607630223,12.196344793255605
68,62,50,33.20258348,92.76437927,6.977700268,197.5282582,8.877350061060467,8.064424,0.8129264999642754,0.8129264999642754,9.157310395250597
105,30,50,25.29954705,81.77527562,6.37620108,57.04147057,6.2928383150905844,6.2689877,0.023850659450936007,0.023850659450936007,0.37901274840862775
9,59,25,30.39321309,60.16299493,7.699200949,35.37493212,4.948402495429509,4.2635336,0.6848689032053876,0.6848689032053876,13.840202041728675
83,41,43,21.0525355,82.67839517,6.254028451,233.1075816,6.484301406121012,7.2460427,-0.7617413223030605,0.7617413223030605,11.747469381728562
17,30,27,29.03065024,90.79093862,5.894027065,205.5720367,6.43150871295647,6.3078623,0.12364643115715346,0.12364643115715346,1.9225105130941353
19,51,25,26.80474415,48.23991436,3.5253661,43.87801983,3.490293193716216,3.6975608,-0.2072675934847119,0.2072675934847119,5.938400643758759
35,38,19,25.32688786,63.18180319,9.112771682,32.71129281,4.929761103556034,4.61591,0.3138510503028602,0.3138510503028602,6.366455568738755
83,58,23,19.74213321,59.66263104,6.381201909,65.50861389,5.643965354901163,5.1043425,0.539622894268839,0.539622894268839,9.56105965108797
88,55,45,24.63544858,80.41363018,7.730367824,253.7202781,7.547145319348557,8.067621,-0.5204759117305446,0.5204759117305446,6.896328210299657
94,50,19,23.30355338,73.62548442,5.873242491,97.59081274,6.51603630071481,6.1431646,0.37287166601022026,0.37287166601022026,5.722369379208587
15,28,32,28.84270971,99.64328526,6.2185718739999984,224.4016682,5.735876340709844,6.3337917,-0.5979153920782423,0.5979153920782423,10.42413323722818
14,22,9,17.24944623,91.13772765,6.543191814,112.50905159999998,4.214910495102213,4.477616,-0.26270533818025754,0.26270533818025754,6.23276196459035
40,11,44,24.45840036,86.10874614,6.322396027000001,111.3779693,5.161017746225307,5.469885,-0.3088671262112168,0.3088671262112168,5.984616627933856
17,59,17,18.416700100000003,23.42829938,5.689858133,132.9801054,3.4236367093320323,3.38051,0.043126617550416135,0.043126617550416135,1.2596727168178525
85,22,53,25.96534238,89.77076659,6.849471704,59.46338556,6.2069259606626295,6.129831,0.07709512341287361,0.07709512341287361,1.2420822143114982
31,58,15,27.11026483,84.96771717,7.121571293,51.52617423,5.919072248335284,5.4683533,0.4507189768509088,0.4507189768509088,7.6146895652046105
44,55,25,29.6321052,65.91359954,7.42160832,71.16331975,5.910044364075217,5.774095,0.13594930563405505,0.13594930563405505,2.3003093929452745
99,55,35,21.7238313,80.2389895,6.501697816,277.9626192,8.68964845044789,7.9191666,0.7704818855064843,0.7704818855064843,8.866663477816198
67,45,38,22.72791041,82.17068809999998,7.300410836,260.8875056,8.136482046599568,7.2873273,0.8491547570182689,0.8491547570182689,10.436387030106594
121,47,16,23.60564038,79.29573149,7.7232401510000015,72.49800885,6.740887373569133,7.070089,-0.3292014898036699,0.3292014898036699,4.883652130051328
116,52,19,22.94276687,75.37170612,6.114525877,67.08022574,7.3035378653307,7.0109444,0.2925934988756218,0.2925934988756218,4.006188566017291
5,68,20,19.04380471,33.10695144,6.12166671,155.3705624,2.7829418757583855,3.7213674,-0.9384254834029915,0.9384254834029915,33.72062821639992
