N,P,K,temperature,humidity,ph,rainfall,Actual_Yield,Predicted_Yield,Error,Absolute_Error
101,17,47,29.49401389,94.72981338,6.185053234,26.30820876,7.256799525766305,6.219544729680998,1.037254796085307,1.037254796085307
98,8,51,26.1793464,86.52258079,6.25933595,49.43050977,5.981273667692523,5.955541445070372,0.02573222262215147,0.02573222262215147
59,62,49,43.36051537,93.35191636,6.941496806,114.778071,8.314593386492241,7.816888064605075,0.49770532188716654,0.49770532188716654
44,60,55,34.2804607,90.55561637,6.825371185,98.54047745,5.832526600201132,6.912911983945245,-1.0803853837441126,1.0803853837441126
30,137,200,22.91430043,90.70475565,5.603413172000001,118.6044645,7.284259344641183,8.342524341136858,-1.0582649964956756,1.0582649964956756
18,19,27,27.75518664,52.34605806,4.772385986000001,94.11213345,3.483733083209977,3.6228005365694553,-0.13906745335947823,0.13906745335947823
35,145,195,22.03911546,94.58075845,6.231950009,110.9804014,7.12100195343224,8.679677576829564,-1.5586756233973231,1.5586756233973231
22,44,24,24.30935081,56.32938343,6.030447288,58.99536268,4.395277248948435,4.016580147664714,0.3786971012837217,0.3786971012837217
11,46,24,27.65280218,89.80650642,6.459252023,56.52558045,5.722515664589315,5.0465037760145615,0.6760118885747533,0.6760118885747533
3,78,18,20.21368219,68.65257685,6.887130053,50.89732989,5.0749437740508,4.434433830690235,0.6405099433605645,0.6405099433605645
44,75,22,30.0328403,64.14800537,7.574561547,71.21006868,5.470265319085995,5.861252661772346,-0.3909873426863504,0.3909873426863504
0,19,31,25.51791333,94.38420565,6.271952832999999,178.7297725,4.567786043482485,5.687234730641059,-1.1194486871585738,1.1194486871585738
16,15,42,19.67832052,89.08935702,6.890784045,108.5468633,5.260498397340652,5.139567131117218,0.12093126622343409,0.12093126622343409
70,38,35,24.39736241,79.26861738,7.014063944,164.2697011,6.6340951640822405,6.764599471436696,-0.13050430735445584,0.13050430735445584
25,12,26,28.56973521,95.67906668,6.436314406,134.83703480000003,5.379658945474985,5.781917685057414,-0.40225873958242975,0.40225873958242975
36,24,41,24.94467632,94.25702672,7.009180374,103.8799347,6.367670938279756,5.955780315367633,0.4118906229121224,0.4118906229121224
6,124,200,22.98208095,93.84505029,5.971332179,109.5852253,6.305509463319325,7.909173360774148,-1.6036638974548234,1.6036638974548234
99,38,21,22.88330922,71.59722446,6.352471866,67.72777298,7.4419733329108,5.7055718225074274,1.7364015104033728,1.7364015104033728
34,62,55,27.58548913,90.72526502,6.585346229,238.5008779,8.13576900764809,7.688288311451269,0.44748069619682074,0.44748069619682074
102,11,45,29.03167341,93.12603235,6.35544263,24.15591199,5.938117347344853,6.11053071741099,-0.17241337006613655,0.17241337006613655
89,28,33,26.44414097,53.83876189,6.9932360010000005,175.3723314,5.63131914824078,6.4300489946797,-0.7987298464389196,0.7987298464389196
49,55,53,38.4418717,93.63739039,6.544029776,77.71566883,7.097648262286916,6.90280388582172,0.1948443764651957,0.1948443764651957
32,18,13,13.8377282,91.74780462,6.044167236,107.9873218,4.469102075622465,4.668829984378603,-0.1997279087561381,0.1997279087561381
38,68,54,29.33710543,90.81781439,6.739170045,202.0572747,7.55914603536713,7.61758518941544,-0.058439154048310016,0.058439154048310016
44,74,85,20.18649426,19.63719995,7.150681303,78.26039559,5.325881519413791,4.719706503927893,0.6061750154858982,0.6061750154858982
74,40,40,25.13842773,83.12053888,6.386259977999999,169.33884650000005,7.500135324120487,6.88301107911923,0.6171242450012571,0.6171242450012571
36,55,20,27.01470397,84.34262707,6.635968697999999,55.296354,5.9140607889366565,5.4010710234755575,0.5129897654610991,0.5129897654610991
33,12,8,25.26052689,90.31153735,6.822282114,117.36952959999998,4.326536758700398,5.401388679671089,-1.0748519209706906,1.0748519209706906
39,77,21,22.99774444,60.24218572,4.603563116,159.689339,4.796005944929108,5.198077354609337,-0.4020714096802287,0.4020714096802287
84,51,35,22.30157427,80.64416466,6.043304899,197.9791215,6.9167544536620795,7.091648484418394,-0.17489403075631405,0.17489403075631405
2,24,38,24.55981624,91.63536236,5.922935513,111.9684622,5.191516712608303,4.996169985277603,0.19534672733070035,0.19534672733070035
25,57,24,27.65472156,58.59986279,6.974978386,36.94255012,4.545153406620618,4.559004916456494,-0.013851509835875575,0.013851509835875575
86,39,43,26.14576648,71.23690851,6.432051512,193.1007598,6.135630097330824,7.057002483175928,-0.9213723858451042,0.9213723858451042
12,80,19,21.91041045,65.21662467,5.962001484,36.10211371,4.83090197105743,4.159309437017644,0.6715925340397861,0.6715925340397861
89,40,43,26.24532085,72.97198375,7.124050134,189.9711184,7.9680935326395534,7.370885454211104,0.5972080784284497,0.5972080784284497
29,63,17,30.02629908,67.88811637,7.26154329,66.47264636,5.513356817808468,5.366133458261222,0.14722335954724564,0.14722335954724564
87,44,43,23.87484465,86.79261344,6.718725189,177.5147313,7.354053441143484,7.403047932038147,-0.04899449089466312,0.04899449089466312
27,79,82,17.06579293,17.54024066,6.307004922999999,70.87150577,4.224524447741588,3.924755636364199,0.29976881137738953,0.29976881137738953
20,60,78,18.17234999,14.70085967,6.358740355,90.7760707,2.711719251953056,3.7043145684447993,-0.9925953164917432,0.9925953164917432
17,57,21,19.88394011,20.31564139,5.789214288999999,60.91974792,3.649502552144468,2.8256650062175472,0.8238375459269207,0.8238375459269207
39,69,53,25.9300384,93.02357765,6.964955435,241.8202079,8.521461046331629,7.981846269944594,0.5396147763870349,0.5396147763870349
28,23,28,30.01821337,50.09831810000001,5.676032581,96.08745082,3.568227881006039,4.210632408782065,-0.6424045277760255,0.6424045277760255
21,72,17,31.52104732,66.55723677,7.580527339,61.71111448,5.878428671033328,5.446236619995377,0.43219205103795133,0.43219205103795133
71,35,24,22.27373646,59.52193158,5.826426917,67.96704792,4.506056329392404,4.709836830973854,-0.20378050158145022,0.20378050158145022
30,37,25,29.89129144,80.14487166,7.120032489,54.7960127,3.5007849608362935,5.2973878854624195,-1.796602924626126,1.796602924626126
61,59,17,23.33844615,59.24580604,6.47444292,105.0083144,5.2257002987328285,5.387927737642136,-0.1622274389093077,0.1622274389093077
27,72,17,28.98039357,57.23265151,6.347929353,120.7435664,5.541824643222572,5.313087733951665,0.22873690927090706,0.22873690927090706
40,5,29,28.48444906,97.76865458,5.820978791,160.389421,4.796987825342043,6.053348131889351,-1.2563603065473075,1.2563603065473075
84,29,49,29.94349168,93.90741192,6.251420275,20.39020503,5.441852251175297,6.080723081644394,-0.6388708304690969,0.6388708304690969
90,49,21,24.84016732,68.3584573,6.4725232870000005,74.05474936,5.747234808816792,5.8021755682092975,-0.054940759392505534,0.054940759392505534
28,68,19,34.63880966,61.38597868,7.69950698,72.43169115,5.252414320335912,5.674125166509877,-0.4217108461739647,0.4217108461739647
84,36,28,26.7350622,55.55164819,6.119892347,140.63052130000003,5.503862168361153,5.849527625202452,-0.34566545684129846,0.34566545684129846
8,120,196,24.06679352,82.66396666,6.053662544,69.81855775,7.634049822386584,7.256211029407788,0.3778387929787961,0.3778387929787961
19,35,24,27.11030369,83.64274107,6.883308033,49.11964582,5.162853197653967,4.91506790485897,0.2477852927949975,0.2477852927949975
116,28,34,23.44372334,60.39523266,6.42321105,122.2103248,5.442729960354088,6.235185041543547,-0.7924550811894591,0.7924550811894591
23,62,19,16.51783455,20.4555596,5.609435127999999,98.77794225,3.0939764166379646,3.1071016186259173,-0.01312520198795264,0.01312520198795264
119,44,15,22.14593688,82.85975490000001,7.091992365,60.65381719,6.800935290880465,6.501499399309682,0.29943589157078243,0.29943589157078243
21,137,196,23.6119202,91.70293849,5.812781806,123.5900822,9.501019224112671,8.331735569054818,1.1692836550578534,1.1692836550578534
102,71,48,28.65456263,79.28693687,5.695267822000001,102.4633775,7.441901931633275,7.027251210796576,0.41465072083669874,0.41465072083669874
20,68,23,25.54960633,63.95425534,7.707332484,63.1830529,5.224695359152802,5.1420702151387125,0.08262514401408971,0.08262514401408971
109,21,55,24.9004602,89.73524177,6.770278088,57.44942094,6.342260028805452,6.612723343748999,-0.27046331494354714,0.27046331494354714
16,6,29,29.28725038,91.95614918,5.868285082000001,132.1491176,5.7416264716978205,5.306297352325023,0.4353291193727973,0.4353291193727973
31,60,24,25.40474421,65.8567539,7.722335992,51.92057267,5.708678204286544,5.174091744222279,0.5345864600642649,0.5345864600642649
31,5,14,17.66545409,91.69865887,6.583411671,110.6857506,4.648739951755132,4.877328953517924,-0.22858900176279118,0.22858900176279118
38,61,52,31.22790131,94.94021378,6.620729882000001,46.44279118,6.373324374980995,6.221380720167453,0.15194365481354222,0.15194365481354222
35,58,20,29.38538562,63.47742011,5.761702519,90.05422663,5.068588307291707,5.002087158628483,0.06650114866322365,0.06650114866322365
6,13,9,34.51423957,90.56151463,7.786725333,118.32719679999998,5.804891774046531,5.75162264697446,0.05326912707207132,0.05326912707207132
93,47,37,21.53346343,82.14004101,6.500343222000001,295.9248796,8.534761007269637,8.274529309679394,0.26023169759024256,0.26023169759024256
87,6,45,29.82729394,90.79007335,6.40077205,22.84203589,4.889496863283018,5.777587044025962,-0.8880901807429442,0.8880901807429442
16,55,19,19.54314136,47.19188279,6.413543781,192.4372194,4.774791599290823,4.907966851789835,-0.1331752524990124,0.1331752524990124
114,27,48,27.82054812,93.03555162,6.528404377999999,26.32405487,6.831771621796654,6.559951187614945,0.2718204341817092,0.2718204341817092
39,7,29,27.54273211,94.59086121,6.362544111,150.2012138,5.315613299216789,6.016937769820892,-0.7013244706041029,0.7013244706041029
69,47,40,25.37122686,76.2403666,6.130136384,183.8270791,6.921064519112204,6.765296491545826,0.15576802756637864,0.15576802756637864
105,95,50,27.33368994,83.67675197,5.849076099,101.0494791,8.095386742810811,7.499094826274947,0.5962919165358649,0.5962919165358649
49,76,18,27.05365239,67.7017527,7.393631868,60.4693835,4.8362840285193185,5.713560816377802,-0.8772767878584835,0.8772767878584835
50,59,47,40.76998685,92.09278584,6.747975732,209.8678411,8.320101651945738,8.276539368480869,0.04356228346486901,0.04356228346486901
95,82,48,27.39489579,83.31172003,5.719014989,92.78133617,6.677955157365788,7.021854361494867,-0.34389920412907937,0.34389920412907937
101,37,18,22.92360984,82.68738535,7.63737841,92.91915074,7.074114926004559,6.659134031328069,0.41498089467649013,0.41498089467649013
117,27,48,26.53259325,82.39053979,6.835268183999999,54.30660782,6.363106257890492,6.621890657656838,-0.2587843997663457,0.2587843997663457
21,29,12,22.30318989,92.15987039,6.438668989,117.3688104,4.902183726177878,5.2467218776129005,-0.34453815143502275,0.34453815143502275
82,24,33,26.53543168,67.09608099,6.809593554,120.6494434,6.4321059852097475,6.058008704487412,0.37409728072233595,0.37409728072233595
27,76,83,19.12829388,14.92241479,6.289614016,89.61857826,3.673998961123714,4.090425905670358,-0.416426944546644,0.416426944546644
78,43,42,21.32376327,83.00320459,7.283736617000001,192.3197536,8.36718988410048,7.335654264895268,1.0315356192052114,1.0315356192052114
12,39,21,28.99319096,62.85948245,8.183844843,70.4713043,5.706319149642761,4.976717418579761,0.7296017310630001,0.7296017310630001
31,8,7,34.51465139,93.63812684,7.163245982,103.5684926,5.9739678592042225,5.816510545565603,0.15745731363861903,0.15745731363861903
40,24,25,28.70595247,50.44030129,5.445008416,95.8946444,3.205046409645031,4.25988862902934,-1.0548422193843088,1.0548422193843088
103,40,30,27.30901814,55.196224,6.3483162570000005,141.48316440000005,5.2981058112269155,6.332298497251884,-1.0341926860249684,1.0341926860249684
30,41,15,24.83206631,44.17085032,5.88509677,52.0810886,3.2987586167073135,3.603148092044382,-0.3043894753370684,0.3043894753370684
50,64,25,28.84079155,63.37230676,6.734447425,70.25496749,5.798965785164221,5.483207954383006,0.315757830781215,0.315757830781215
39,17,45,18.09691127,90.42177379,6.9244907310000015,104.88188999999998,5.9424325026161915,5.5099843321911885,0.43244817042500294,0.43244817042500294
71,54,16,22.61359953,63.69070564,5.7499144210000015,87.75953857,4.204423831558939,5.163556443444242,-0.9591326118853027,0.9591326118853027
5,35,20,28.92952635,53.57014709,9.679240873,66.35634104,4.397492596655672,5.003270236919477,-0.6057776402638044,0.6057776402638044
113,38,25,22.00085141,79.47270984,7.388265887999999,90.42224164,6.818302968166543,6.700471590963258,0.1178313772032844,0.1178313772032844
63,58,47,26.83054058,90.75379971,6.864143752,144.66564440000005,7.256355689570067,7.217870028445306,0.03848566112476082,0.03848566112476082
18,55,23,21.9989826,56.31006755,6.98571967,136.82743119999998,4.076780811362097,5.014539924170678,-0.9377591128085809,0.9377591128085809
34,54,24,31.2119298,41.55934359,5.026003659,68.80141783,3.7500318031448905,4.0229127004003775,-0.27288089725548703,0.27288089725548703
11,72,20,19.52226241,24.92607153,5.9511774520000005,113.334026,3.7761246408074998,3.559890338334224,0.2162343024732758,0.2162343024732758
118,21,34,24.38534644,64.72543073,7.234258375,119.6324109,6.579139028369732,6.584450790862895,-0.005311762493162675,0.005311762493162675
20,62,18,29.36358721,64.98742947,7.366542647,61.91208707,5.027074384316201,5.09834813288703,-0.07127374857082902,0.07127374857082902
6,59,21,26.58972517,66.14007674,6.139215944,50.90994463,3.892163858779864,4.252055651279213,-0.359891792499349,0.359891792499349
17,29,26,26.14162144,93.28415295,6.071897347,195.4115025,5.746397030272164,6.133359115124139,-0.3869620848519748,0.3869620848519748
61,52,41,24.97669518,83.891805,6.880431223,204.8001847,7.599703807411596,7.34125692041316,0.25844688699843577,0.25844688699843577
31,26,9,11.69894639,93.25638873,7.566165721,103.2005992,5.146369119751143,5.116542115523432,0.029827004227711562,0.029827004227711562
109,12,48,29.45771748,92.12534736,6.708743843,20.76212031,5.104343599572804,6.345588781437649,-1.2412451818648451,1.2412451818648451
84,7,51,26.81530456,87.65694462,6.399669044,55.74073582,6.423787089991605,5.879429567908651,0.5443575220829544,0.5443575220829544
40,64,16,16.43340342,24.24045875,5.926676985,140.3717815,4.392837109417688,3.972572738166086,0.4202643712516023,0.4202643712516023
100,10,53,24.54356968,84.60808277,6.211748957,42.00660251,5.297476819527015,5.81996599005533,-0.5224891705283152,0.5224891705283152
117,82,45,25.29391516,79.29122198,5.614471478,105.4220251,7.168137759502914,7.227886230765657,-0.05974847126274341,0.05974847126274341
24,63,19,19.3479443,55.96805489,4.681576043,194.5921148,6.202081319434879,4.8166772457136515,1.3854040737212276,1.3854040737212276
16,51,21,31.01963639,49.97675220000001,3.532008668,32.81296548,3.2724233187912137,3.049859970441826,0.22256334834938762,0.22256334834938762
91,94,46,29.36792366,76.24900101,6.149934034,92.82840911,8.04761821770294,7.135172226488257,0.9124459912146827,0.9124459912146827
76,54,45,24.29496635,77.62976013,6.176618831,184.9800516,5.0658617205889085,7.03195982893967,-1.9660981083507618,1.9660981083507618
100,40,20,22.45145981,76.25674874,7.432043735,86.84998693,7.161019397208877,6.379706978109488,0.7813124190993888,0.7813124190993888
8,28,37,23.88404783,86.20613842,6.082571701,108.3121789,5.307168288441456,4.975835827852391,0.3313324605890653,0.3313324605890653
1,66,23,19.54317155,56.92831399,4.803564468,173.1686574,4.371875318757297,4.394201213995162,-0.022325895237864657,0.022325895237864657
60,61,78,20.71219282,19.83643308,6.317153205,94.03659867,4.5219138738105995,4.646800435319158,-0.12488656150855881,0.12488656150855881
67,60,25,24.92162194,66.78627406,5.750254943,109.2162279,5.593878063079238,5.655173441117846,-0.06129537803860785,0.06129537803860785
23,6,33,29.18032562,92.73041222,6.025789594,204.9603677,5.812726476856019,6.205667024802995,-0.3929405479469761,0.3929405479469761
17,18,43,24.4880844,90.83687246,5.843005428,103.1969341,4.664128707137833,5.08030364189959,-0.4161749347617576,0.4161749347617576
86,59,35,25.78720567,82.11124033,6.946636369,243.5120414,8.861447557399574,8.153529311752962,0.7079182456466118,0.7079182456466118
21,74,15,29.49096726,67.10604388,6.471862118,153.2504506,7.900011662263947,5.856427742730776,2.0435839195331713,2.0435839195331713
39,140,203,21.11903604,80.63399198,6.349875906,69.27779761,8.59672734250061,7.988570902915912,0.6081564395846986,0.6081564395846986
25,71,24,28.49538735,60.44848407,7.187721817999999,74.91559514,4.1077750157179596,5.252275644762083,-1.1445006290441233,1.1445006290441233
31,29,35,27.1872282,92.19906776,6.137102505,141.3220576,6.498358476524295,5.988331095087839,0.5100273814364567,0.5100273814364567
47,79,78,17.48395377,14.76014523,6.609696734,65.11365631,4.635252429406162,4.2038781343271445,0.43137429507901714,0.43137429507901714
21,62,24,33.49077065,62.73317204,6.8473828910000005,65.45328463,5.1024225601870175,5.166739271417574,-0.06431671123055693,0.06431671123055693
38,14,30,26.92449525,91.20106019,5.5707453860000005,194.9022136,6.763275619430405,6.132846958311104,0.6304286611193008,0.6304286611193008
60,46,22,24.89364635,65.61418761,6.625404347999999,87.9298085,4.755764497763437,5.390307034147408,-0.6345425363839716,0.6345425363839716
118,88,51,25.44926208,79.49221962,6.201911642000001,100.6619171,8.514559352385469,7.543077947455945,0.9714814049295235,0.9714814049295235
17,58,25,31.12896766,43.58788762,6.455592696,32.76742894,4.463446684989312,3.995450484713409,0.46799620027590283,0.46799620027590283
80,71,47,27.50527651,80.79783998,6.156373499,105.0776992,8.213265170539962,6.821658450300547,1.3916067202394151,1.3916067202394151
3,77,25,24.84906168,22.89464642,5.608165195,62.21292186,3.0429759805660934,3.147495210156386,-0.10451922959029236,0.10451922959029236
0,27,38,22.44581266,89.90147027,6.7380162210000005,109.3905998,5.174035596410558,5.101870427923076,0.07216516848748178,0.07216516848748178
38,60,76,18.65054116,17.80852431,8.868741443,77.92798682,4.268331889908305,4.798317035625807,-0.529985145717502,0.529985145717502
18,19,29,27.59376845,92.48519606,6.206077742000001,162.8432736,6.99027796769939,5.838463678300913,1.1518142893984766,1.1518142893984766
9,11,8,24.85903405,94.39000473,6.559236744,111.78037340000002,6.989962571765729,4.948426614557526,2.041535957208203,2.041535957208203
38,61,21,30.27374995,67.38680755,4.696518678,127.7767134,5.59443968690741,5.245261624875394,0.3491780620320153,0.3491780620320153
100,80,52,27.53911354,77.25629897,6.049801781,110.3262123,7.201850495166181,7.232443836361792,-0.030593341195610968,0.030593341195610968
99,92,47,28.127950899999995,77.48247073,6.3239336470000005,103.5045395,7.147850187560843,7.3824710681112435,-0.2346208805504002,0.2346208805504002
28,136,200,23.06204373,92.39544055,6.245858905,114.7399101,7.980812396744271,8.52669192777537,-0.5458795310311002,0.5458795310311002
40,73,20,21.59343016,20.31871249,5.811314232000001,61.13872036,3.5317752384091428,3.4874363839787534,0.04433885443038932,0.04433885443038932
95,30,52,29.48069921,90.33698678,6.640470862999999,26.0365768,6.582928853660575,6.365788119425115,0.21714073423545965,0.21714073423545965
13,47,20,29.21780035,87.93724219,6.54450214,43.1386631,4.39367292773732,4.979374612791376,-0.5857016850540555,0.5857016850540555
37,57,20,31.1006247,44.82069159,7.354286985,70.79934452,5.883992421766996,4.944870141779528,0.9391222799874672,0.9391222799874672
8,26,26,25.54759871,91.64194826,5.702484758,212.867626,5.2098924471506995,5.915135693395024,-0.7052432462443248,0.7052432462443248
98,44,21,25.77175115,74.089114,6.524478032,107.4931917,7.391751706230635,6.396431745713973,0.995319960516662,0.995319960516662
7,144,197,23.8494014,94.34814995,6.133220586,114.0512495,7.9389000481438625,8.302649917167212,-0.3637498690233496,0.3637498690233496
29,8,28,26.87037587,91.72546257,6.100429497,214.4128874,5.82749613150323,6.25772752245592,-0.4302313909526907,0.4302313909526907
7,63,24,22.95458237,24.03553105,5.858617867,107.7315386,3.82863427871417,3.471996295722983,0.3566379829911872,0.3566379829911872
4,47,20,25.97948991,64.95585424,4.193189124,72.19245835,4.176726606911266,3.5478077844860834,0.6289188224251823,0.6289188224251823
17,52,17,27.88352946,86.45147631,6.364967184,44.64407105,4.829392168756891,4.931334890765897,-0.10194272200900656,0.10194272200900656
38,77,22,28.234829,69.3159965,6.313284267999999,35.36831423,4.500356752954021,5.093108567545779,-0.5927518145917583,0.5927518145917583
118,13,54,24.41311871,89.81574032,6.039584629,44.07843475,6.493815614246342,6.26022955132519,0.23358606292115258,0.23358606292115258
23,39,22,29.25649321,81.97952224,6.86483915,42.02483277,4.0067153306853385,4.9957852003180605,-0.989069869632722,0.989069869632722
33,58,24,35.45790488,68.75810535,5.269504214,108.6333046,5.923055134779458,5.44640412248993,0.476651012289528,0.476651012289528
27,74,20,24.69487673,59.96669215,5.8598134160000015,91.95792434,4.711959749764531,4.811589188340924,-0.09962943857639317,0.09962943857639317
13,67,18,30.5753044,34.75591197,5.384762927000001,177.5764304,5.504848679984487,4.704218988498589,0.8006296914858986,0.8006296914858986
26,80,18,19.32509638,23.3334788,5.581021521,104.7783947,3.257505999419795,3.633828336317188,-0.37632233689739314,0.37632233689739314
78,48,22,23.08974909,63.10459626,5.588650585,70.43473609,5.079396965053759,5.051468682465301,0.027928282588457698,0.027928282588457698
84,55,38,26.8748389,79.78725152,6.956682742999999,173.1017097,8.342164959220817,7.434855405454339,0.9073095537664777,0.9073095537664777
22,60,85,18.8392908,14.74071856,7.811997977000001,94.78189594,3.953436637350899,4.356705092819586,-0.4032684554686865,0.4032684554686865
9,139,199,23.25230817,94.54128292,5.867420996,105.3558408,6.8642316539320705,8.098933432316002,-1.2347017783839318,1.2347017783839318
26,27,10,28.06903173,92.91487288,6.079998496,114.1339416,4.760124308971017,5.425350160228276,-0.6652258512572589,0.6652258512572589
104,47,18,23.9656349,76.97696717,7.633437412,90.75616738,7.438838356752351,6.709197975333794,0.729640381418557,0.729640381418557
76,60,39,20.0454142,80.3477562,6.766240045,208.5810155,7.104680084632299,7.339757669257455,-0.2350775846251567,0.2350775846251567
23,21,26,26.45488737,93.45042636,5.901495543999999,149.2220255,6.68800845625856,5.661721671773283,1.0262867844852765,1.0262867844852765
32,121,199,39.37102553,81.25353895,6.129812716,74.08101744,9.26691822764238,8.435798324573417,0.8311199030689629,0.8311199030689629
17,74,17,26.03026959,69.55863145,7.393210848,37.11395801,5.193012762059233,4.939321849430044,0.25369091262918886,0.25369091262918886
91,7,53,25.13735887,89.28272716,6.457216535,43.52897517,5.805234176254932,5.884349087640993,-0.07911491138606142,0.07911491138606142
35,134,204,9.949929082,82.55138983,5.841138354,66.00817551,7.345547175776714,7.184798173224113,0.16074900255260083,0.16074900255260083
30,120,200,38.06099482,82.24729637,6.234904253,65.70148216,8.965448332949387,8.322348078531519,0.6431002544178686,0.6431002544178686
52,58,16,30.64095781,61.14508627,7.167435834,71.36947525,6.262638297178506,5.528801632758167,0.7338366644203385,0.7338366644203385
24,21,42,20.82210727,87.22815682,6.999014379,109.4429934,5.468366158675929,5.394923199112461,0.0734429595634678,0.0734429595634678
25,78,76,17.48042641,15.7559405,7.228963452,66.96980581,3.7348757708664033,4.060806462272392,-0.32593069140598896,0.32593069140598896
17,11,32,28.74013335,93.39676499,5.620733794,156.76508230000005,5.199683207728792,5.576644497935353,-0.37696129020656155,0.37696129020656155
67,35,22,23.30546753,63.24648023,6.385684213999999,108.7603001,4.735622674629502,5.339216918430486,-0.603594243800984,0.603594243800984
16,65,19,27.61204997,69.29786244,7.043160241,42.72374404,5.22305585355514,4.830242278390447,0.39281357516469306,0.39281357516469306
19,123,200,34.76086052,81.03544763,6.167013532,65.70430027,7.54762914216885,7.970684535487575,-0.4230553933187249,0.4230553933187249
105,14,50,26.2148837,87.68839820000002,6.419052193,59.65590798,6.290401621854807,6.3187626560855135,-0.028361034230706572,0.028361034230706572
78,46,42,23.09499564,78.45959697,7.095413294,155.3851533,6.350973358211,6.927917619098262,-0.5769442608872621,0.5769442608872621
108,33,31,23.69287069,66.76090123,7.393825704,144.6576424,6.863284802029022,6.854096872197321,0.009187929831701247,0.009187929831701247
83,21,28,25.5674832,60.49244602,7.466900682999999,190.2257843,7.1668520919045555,6.6276575768769295,0.539194515027626,0.539194515027626
37,65,16,22.8352024,18.97267518,5.683548308,63.59276673,3.3044603345170387,3.298730998021406,0.005729336495632786,0.005729336495632786
77,51,44,23.25583402,82.7015932,7.124333547000001,166.2160846,7.325393464690124,7.228326086165919,0.09706737852420488,0.09706737852420488
36,43,24,27.09400578,43.65305437,3.510404312,41.53749535,2.402616406474725,3.0219990640824266,-0.6193826576077015,0.6193826576077015
11,71,17,19.9191786,21.47324158,5.74644777,82.68554379,2.4277379375967643,3.0896278273347786,-0.6618898897380143,0.6618898897380143
80,90,47,26.59743595,79.35898915,6.21084479,107.3944717,8.11997383125313,7.02367764016571,1.0962961910874203,1.0962961910874203
14,59,15,21.35135729,22.91244883,5.779090476,146.4548645,3.362707797827706,3.675500651930344,-0.3127928541026379,0.3127928541026379
11,6,25,28.69164799,96.65248672,6.081568052000001,178.9635457,6.70724765374008,5.7911568430204206,0.916090810719659,0.916090810719659
49,55,51,24.87212063,93.90560147,6.676578778,135.16945249999998,7.885423719391027,6.83242991299179,1.052993806399237,1.052993806399237
54,67,52,35.67667332,93.30641944,6.586107335,141.3381168,7.967672160249585,7.596244217353907,0.3714279428956777,0.3714279428956777
35,48,15,27.10818093,87.45126690000002,6.981758362000001,55.03723979,5.346723667628133,5.446834566106453,-0.10011089847832011,0.10011089847832011
31,36,29,33.93679864,52.72170281,6.460542749,97.4611918,4.783243968118896,4.964262792147067,-0.18101882402817093,0.18101882402817093
38,21,35,20.33691147,89.38003827,5.841367187,110.9653137,5.102421011280052,5.221762667409808,-0.11934165612975622,0.11934165612975622
102,14,52,26.79489868,89.64815231,6.51075991,57.74091817,5.61518169522253,6.382169859505052,-0.7669881642825223,0.7669881642825223
18,74,15,24.9035819,22.27512704,5.70836603,146.4727237,4.170323248950693,4.059721831426162,0.11060141752453045,0.11060141752453045
78,58,15,25.00933355,67.816568,6.5286312660000005,62.91359494,4.973079662075785,5.570911171813071,-0.5978315097372864,0.5978315097372864
29,138,197,22.19055385,92.43764169,5.830892252000001,121.6622761,8.403861443852206,8.426579779314256,-0.022718335462050376,0.022718335462050376
40,68,17,34.1262979,65.14877461,7.733149554,70.40795007,6.02179111285632,5.9213131165170525,0.10047799633926768,0.10047799633926768
20,79,77,18.54988627,16.02542689,7.64867466,76.32565249,4.793409309759928,4.2852371077303815,0.5081722020295469,0.5081722020295469
21,139,201,19.3642553,83.36094029,5.980598579,67.15094741,7.019428120196993,7.511102740219551,-0.49167462002255746,0.49167462002255746
6,140,205,17.66558428,82.92903419,6.313085601,69.8671263,8.046722801616081,7.361614383135005,0.6851084184810761,0.6851084184810761
102,73,54,26.4020227,84.41007614,5.720726906,111.0162259,7.988874984062385,7.23291738943699,0.7559575946253956,0.7559575946253956
140,40,17,22.72767171,77.07598065,6.006085786,77.55176318,5.269588982600608,6.481085368209007,-1.211496385608399,1.211496385608399
79,43,39,21.66628296,80.70960551,7.062779015,210.8142087,7.618124600029128,7.375415570187335,0.24270902984179266,0.24270902984179266
31,25,38,24.96273236,92.40501423,6.4973666770000005,109.4169192,5.67290219916798,5.689993778920637,-0.017091579752656294,0.017091579752656294
35,41,18,28.70562673,81.59200689,6.705008503999999,59.87065439,4.089498699067422,5.255492142291915,-1.1659934432244938,1.1659934432244938
90,86,52,25.85036988,81.95580471,5.793260262,119.08561709999998,6.1484026918836046,7.190625873291475,-1.0422231814078708,1.0422231814078708
77,55,43,25.49941707,75.99987588,6.663559451,193.71418280000003,7.51947172785183,7.2965535853948165,0.22291814245701325,0.22291814245701325
29,36,25,28.28511547,88.4393979,7.130278657000001,48.56690235,5.189891201192573,5.3632894245643215,-0.17339822337174837,0.17339822337174837
77,57,21,24.9321581,73.80435276,6.550563822999999,79.74078719,6.405273386054639,5.923028456169944,0.48224492988469514,0.48224492988469514
35,57,83,19.48316794,17.44534641,7.476800943,80.4986291,5.41087311271238,4.3709611084361715,1.039912004276209,1.039912004276209
43,66,79,19.46233971,15.22538951,7.976607593,74.58565097,5.371714426762837,4.6277846525718,0.7439297741910371,0.7439297741910371
42,79,85,17.22385224,15.82069268,6.129533877,76.57580954,4.299590260895586,4.154578434106057,0.1450118267895295,0.1450118267895295
27,120,200,21.45278675,90.74531921,6.1102188260000005,116.7036582,8.488507925844473,8.157871832437872,0.3306360934066017,0.3306360934066017
74,54,38,25.65553461,83.47021081,7.120272972,217.3788583,7.246266023131878,7.767307511087266,-0.5210414879553875,0.5210414879553875
28,66,23,21.53989176,24.25386207,5.99616119,120.6913038,4.131783654480884,3.950139847158397,0.1816438073224873,0.1816438073224873
39,64,52,28.91842453,94.63676767,6.678695788,63.68794608,6.944371503788489,6.339372713647901,0.6049987901405887,0.6049987901405887
103,33,25,27.10210397,55.74973320000001,6.911066044,139.5013171,6.260954320358521,6.366878471193989,-0.10592415083546847,0.10592415083546847
52,65,20,32.81705216,66.15665137,6.814301033,68.83924882,6.284843149861543,5.755299817906609,0.5295433319549341,0.5295433319549341
24,67,22,20.120043,22.89845607,5.618844277000001,104.6252153,4.527567711895028,3.509821921576628,1.0177457903183997,1.0177457903183997
26,37,30,35.39986338,49.45962621,6.166173833999999,97.41054011,4.7598279821148575,4.787175193699261,-0.02734721158440312,0.02734721158440312
12,27,26,29.09382275,45.5661059,5.32307197,96.23520043,4.298658804984633,3.6987010937047415,0.5999577112798917,0.5999577112798917
21,20,31,25.60033702,99.7240104,5.855457599,165.82487319999996,5.916469587389554,5.934369621272101,-0.017900033882546573,0.017900033882546573
58,51,47,42.13473976,91.70445386,6.757470637000001,197.402901,9.023804532741089,8.24535362497101,0.778450907770079,0.778450907770079
27,138,201,23.66682067,93.90191078,5.952367662,105.4004751,9.024934840209625,8.430868141135168,0.5940666990744567,0.5940666990744567
22,78,76,17.84851658,19.09172907,8.621662982,76.32470713,4.231874251124045,4.66806446642641,-0.4361902153023651,0.4361902153023651
22,9,44,24.72235539,88.87651295,5.744361602000001,112.1926517,4.72172266725114,5.0651270243754976,-0.34340435712435724,0.34340435712435724
40,58,75,18.59190771,14.77959596,7.168096055,89.60982451,4.793750758115076,4.255780886434098,0.5379698716809775,0.5379698716809775
100,14,49,29.48882958,91.07574233,6.365956657999999,26.01909355,6.3130338290771935,6.142073197341056,0.17096063173613718,0.17096063173613718
26,122,202,22.44516988,94.73763514,5.617227184,107.1843273,7.308535436054747,8.089663436404987,-0.7811280003502397,0.7811280003502397
98,26,49,27.29035669,90.53330091,6.130160472999999,23.49535234,5.976506262699649,6.043985529586876,-0.06747926688722661,0.06747926688722661
89,25,50,27.04863538,91.34685096,6.375923383,25.08146686,6.930410153846912,6.000567183973493,0.9298429698734196,0.9298429698734196
9,38,25,34.58561471,50.34035336,5.497946899,100.3060719,4.2332519525834265,4.264143001088119,-0.030891048504692264,0.030891048504692264
28,27,34,32.45465292,50.69693751,6.526654345,95.04871605,4.071590098665794,4.723426868916271,-0.651836770250477,0.651836770250477
130,59,19,25.07278712,82.50257909,6.520403794,93.51042684,7.1828174789697075,7.157222845679104,0.025594633290603852,0.025594633290603852
27,22,29,28.83214859,92.17170353,6.000248647,145.41723869999996,5.740142459056409,5.843508959831943,-0.10336650077553333,0.10336650077553333
0,17,42,23.20242586,91.19442671,6.8598408210000015,109.0946323,4.064145531168193,5.12071776110219,-1.0565722299339972,1.0565722299339972
85,52,45,26.31355498,82.36698992,7.224285503,265.5355937,7.561803576091365,8.473573649563129,-0.9117700734717635,0.9117700734717635
118,18,52,28.04943594,90.83130708,6.562832807,20.76223014,6.848251764569354,6.459496980012862,0.38875478455649226,0.38875478455649226
116,36,25,27.57847581,58.52534263,6.172090205,156.6810374,7.659855064275812,6.63078040208991,1.0290746621859013,1.0290746621859013
58,46,45,42.39413392,90.79028064,6.576261427,88.46607497,7.388113966758581,7.075202672168471,0.31291129459011024,0.31291129459011024
2,56,23,26.65333029,59.79023382,7.550090941,36.91852635,5.384541910464746,4.335675894804697,1.0488660156600487,1.0488660156600487
76,51,18,26.16985907,71.96246617,6.247040422,79.84925393,5.81534590247588,5.708799719309349,0.10654618316653064,0.10654618316653064
21,31,32,35.38598705,51.42664176,5.254532213,90.29643888,2.9230970671974386,4.332239710074177,-1.4091426428767382,1.4091426428767382
110,22,47,29.03157242,91.82172592,6.243673725,24.93861254,6.377458245225907,6.337134468846661,0.04032377637924611,0.04032377637924611
23,75,25,31.07508973,47.19847683,7.077170002000001,91.31256412,5.605059576021007,5.158191120090036,0.4468684559309706,0.4468684559309706
23,59,25,27.826262300000003,88.73100226,6.320768488,56.68833819,6.015413186103177,5.354209889085663,0.6612032970175141,0.6612032970175141
86,40,33,26.1387869,52.26311691,7.432322234,136.3027766,5.212479198795686,6.259962741762835,-1.0474835429671492,1.0474835429671492
37,144,197,11.18994268,80.8084305,6.415555956,66.34234944,6.711837980297633,7.481911229520257,-0.7700732492226239,0.7700732492226239
24,14,33,29.38072512,93.27565685,6.366219551,218.5241851,5.85492062607478,6.588012748908233,-0.7330921228334528,0.7330921228334528
129,60,22,24.58453146,79.12404171,5.947448589,71.94608134,6.730582380544421,6.677916282071452,0.05266609847296877,0.05266609847296877
27,71,23,23.45379018,46.48714759,7.10959773,150.87122019999995,5.833307263852415,5.34081707367665,0.492490190175765,0.492490190175765
91,56,37,23.43191632,80.56887849,6.363472207999999,269.5039162,7.748700330299193,8.112626525906167,-0.36392619560697437,0.36392619560697437
38,135,203,23.76121837,93.661643,5.9655513110000005,100.825956,8.583789398370364,8.551605952289886,0.032183446080477296,0.032183446080477296
39,25,36,18.90223032,94.99897537,5.567805185,107.6103211,4.439424416418963,5.2625368123051,-0.8231123958861373,0.8231123958861373
118,31,34,27.54823036,62.88179198,6.123796057000001,181.4170812,7.3527911641671375,7.018200711517428,0.3345904526497092,0.3345904526497092
28,76,82,20.56601874,14.25803981,6.654425315,83.75937135,3.7454367511099065,4.212819512948976,-0.4673827618390698,0.4673827618390698
106,49,24,23.03887865,76.47039772,6.983395572999999,90.64770699,5.874407992422703,6.552605540983321,-0.6781975485606182,0.6781975485606182
82,35,35,25.49386782,86.97061481,7.299076163,176.5268267,7.998486758486482,7.391357488849323,0.6071292696371593,0.6071292696371593
40,16,35,31.89356292,49.02450149,6.4841522000000005,89.59371481,4.579574423275583,4.65174525052834,-0.0721708272527577,0.0721708272527577
94,70,48,25.13686519,84.88394407,6.195152442,91.46442491,6.885731566757541,6.933607088931117,-0.047875522173575824,0.047875522173575824
32,68,52,32.68067385,92.61715632,6.800321319,248.8592986,7.8692581970624635,8.161315011618381,-0.2920568145559175,0.2920568145559175
12,129,205,22.36238282,91.15761594,6.119432215,118.68327250000002,8.26481161948968,8.15220399099975,0.11260762848993089,0.11260762848993089
54,61,77,18.81198127,15.21618225,6.206582192999999,77.54294240000002,4.696371301755287,4.134212324231243,0.5621589775240432,0.5621589775240432
65,37,40,23.35905428,83.59512273,5.333322606,188.413665,6.309681914948717,6.455152430341672,-0.14547051539295452,0.14547051539295452
6,69,19,26.88630675,41.69617915,4.7509292180000005,94.46748008,2.886437654537012,3.6569366854199385,-0.7704990308829265,0.7704990308829265
32,41,16,28.63618921,61.39451307,7.702287236,68.54877876,5.233172659730907,5.046862033483425,0.18631062624748207,0.18631062624748207
8,54,20,28.3340432,80.77275974,7.034214276,38.7976407,4.203269046227051,4.87351053113461,-0.6702414849075584,0.6702414849075584
60,58,37,26.13871511,79.1188943,6.067302109,171.4892533,7.116694328144549,6.708454030041805,0.40824029810274354,0.40824029810274354
39,24,39,23.65374106,93.32657504,6.431265737,109.8076178,5.337101725595007,5.7631591498125,-0.42605742421749326,0.42605742421749326
25,121,201,30.50734778,82.71775569,5.594240602999999,70.08200379,8.017795910338148,7.74996028348225,0.2678356268558977,0.2678356268558977
23,45,21,31.46511256,51.79939437,8.985348193,74.44330654,4.953253594416621,5.3522742107220544,-0.3990206163054335,0.3990206163054335
60,55,40,24.9949957,88.95692783,7.02777956,151.4935635,6.414983928514163,7.044721853865608,-0.6297379253514448,0.6297379253514448
100,48,16,25.71895816,67.22190688,5.54990242,74.51490791,5.966939904509182,5.6130383791804785,0.35390152532870367,0.35390152532870367
16,14,30,29.70931288,96.30484325,6.37466756,209.84539930000005,6.393649343381308,6.447415069419587,-0.05376572603827867,0.05376572603827867
88,38,15,25.08239719,65.92195844,6.455116637000001,62.49190812,5.825466692460962,5.401413353189007,0.4240533392719552,0.4240533392719552
36,56,83,18.89780215,19.76182946,7.4526709,69.09512477,4.485776028437638,4.295755181496733,0.1900208469409046,0.1900208469409046
95,74,50,25.90113128,80.47152737,6.002481605,110.10323,5.161047924428421,7.046632939105781,-1.8855850146773605,1.8855850146773605
99,41,36,24.45802087,82.74835604,6.738652179,182.5616319,8.362300350799325,7.463680181052105,0.89862016974722,0.89862016974722
34,6,30,27.0828252,97.00155491,5.948342571,171.7575545,5.936206874330317,6.039197324706187,-0.10299045037587007,0.10299045037587007
100,35,36,25.31042337,72.01364411,6.346715209,190.5577618,7.258926202241712,7.0962535453929965,0.16267265684871557,0.16267265684871557
39,37,25,33.33024826,45.61143594,6.953246506,98.28583013,5.697820636802929,5.01851632760418,0.6793043091987485,0.6793043091987485
81,25,49,29.86895762,93.25103208,6.076459669,26.26243014,5.381069375195925,5.955609962077443,-0.5745405868815183,0.5745405868815183
2,123,205,22.36629253,90.78572467,5.739652177000001,124.9831618,7.437902288608314,7.834352556274475,-0.396450267666161,0.396450267666161
117,79,49,25.40909896,82.36208097,6.176644228,112.9794804,6.75538660479957,7.5737914583234165,-0.8184048535238464,0.8184048535238464
38,72,21,28.23416057,49.4421345,5.902103172,186.5008581,5.169717500713611,5.749973827834324,-0.5802563271207131,0.5802563271207131
30,64,20,33.8642935,61.57072498,6.573531614,68.02199825,6.359303167290265,5.219752815978998,1.139550351311267,1.139550351311267
12,8,10,16.14820285,91.4448027,7.995848977,107.4287664,5.416531415556875,4.925526999774022,0.4910044157828528,0.4910044157828528
31,70,77,20.88818675,14.32313811,6.492546046,90.46228334,4.230699079253016,4.161589195598596,0.06910988365441995,0.06910988365441995
113,30,50,26.03967219,83.9862443,6.277484042999999,43.87712348,6.732283856536647,6.352782714897869,0.37950114163877746,0.37950114163877746
117,76,47,25.56202173,77.38229006,6.119216009,93.10247183,7.242353155027825,7.1837861395091975,0.05856701551862731,0.05856701551862731
28,123,198,23.46260321,91.45665004,5.682751473,111.7763395,7.537592470597642,8.119306726674301,-0.5817142560766593,0.5817142560766593
58,63,81,19.81344531,14.69765308,6.515499548999999,78.96514709,5.045713296209161,4.412979003729959,0.6327342924792019,0.6327342924792019
108,24,31,24.12832546,56.18107663,6.431899747999999,147.27578180000003,6.922903039735834,6.177479219023516,0.7454238207123183,0.7454238207123183
27,61,18,33.30711818,67.07780816,5.266227032,108.5090168,5.0078342836128655,5.179366759286303,-0.17153247567343755,0.17153247567343755
1,15,9,29.98364695,94.55239717,7.53350946,115.3560318,5.649238475830538,5.479637950725729,0.16960052510480939,0.16960052510480939
14,128,205,22.60800988,94.58900601,6.226289556,116.0396587,7.742378614630189,8.287521412790921,-0.5451427981607324,0.5451427981607324
24,6,32,28.11321494,90.01734526,6.387067562,172.48136409999995,5.946875999652605,5.906079018519008,0.040796981133596866,0.040796981133596866
61,51,51,39.30050027,94.16193416,6.574677594,120.9512466,7.737916279927456,7.495252114387718,0.2426641655397379,0.2426641655397379
114,8,50,24.74631269,88.30866319,6.581587932000001,57.95826144,5.806247778552024,6.374971863663006,-0.5687240851109827,0.5687240851109827
24,37,21,30.573999,58.22686794,5.818219385,62.74803826,4.244442653874611,4.240070386030375,0.004372267844235722,0.004372267844235722
58,55,47,26.05375792,93.69111672,6.7424900270000006,240.6863901,8.471545801656113,7.993956046812969,0.4775897548431436,0.4775897548431436
58,66,79,20.99373558,19.33470387,8.718192847000001,93.55280105,5.861076826238827,5.4788448284172775,0.3822319978215498,0.3822319978215498
15,6,41,19.0087067,88.83768149,6.8973684770000006,108.6793978,4.603365814243539,4.963001359169814,-0.3596355449262747,0.3596355449262747
49,69,82,18.31561493,15.36143547,7.26311855,81.78710463,4.990512735471736,4.574284195500199,0.4162285399715371,0.4162285399715371
35,66,47,31.7018373,91.66232213,6.953439161,48.83810592,6.8415874510339405,6.253489857885114,0.5880975931488264,0.5880975931488264
0,65,24,28.49584395,62.44616219,7.841496029,53.14531023,4.609492803188056,4.8343873171745795,-0.2248945139865235,0.2248945139865235
29,139,205,23.64142354,93.74461474,6.155939452999999,116.6912176,8.504755663736443,8.682603946410229,-0.17784828267378572,0.17784828267378572
21,21,38,22.5526059,89.32594859999998,6.327673765,104.8955643,4.232194821474579,5.18004772553851,-0.9478529040639314,0.9478529040639314
26,80,83,17.08498521,16.14565756,7.528599957000001,71.31007253,5.818117745279607,4.302980316154097,1.5151374291255095,1.5151374291255095
8,37,33,28.07802689,54.9640534,6.128167757000001,97.45373619,3.908322893979279,4.3155560536021715,-0.4072331596228924,0.4072331596228924
49,55,78,18.65580107,16.17772668,7.863113671,81.70769297,4.710500746109129,4.591572043974704,0.11892870213442475,0.11892870213442475
20,7,45,18.90592319,89.24126808,6.077886012,112.4750941,5.7926611508249,4.866641933330931,0.9260192174939688,0.9260192174939688
91,24,55,26.27061608,83.09194521,6.259086582999999,46.76837499,6.932209518205608,5.9719422722190645,0.9602672459865431,0.9602672459865431
3,67,24,17.00067625,19.90790546,5.520880013999999,103.2926407,3.8870470639255714,2.9133572801323275,0.9736897837932439,0.9736897837932439
8,50,21,28.62911222,89.11480590000002,6.218923893,50.49913241,5.388500532812799,4.910784105585794,0.4777164272270049,0.4777164272270049
101,25,52,29.09910406,94.22237826,6.750145572,22.52497327,7.187402169204477,6.490933822785205,0.6964683464192714,0.6964683464192714
97,22,50,26.26028739,86.14585891,6.769893799999998,58.97878791,6.183556016908384,6.360843848841016,-0.17728783193263187,0.17728783193263187
19,65,25,18.09551014,18.29318436,5.6250964460000015,144.7902323,4.009836779396329,3.587523323033481,0.4223134563628479,0.4223134563628479
95,7,45,27.30008597,90.80015308,6.031665834,25.09484511,5.524115020295218,5.701696628254649,-0.17758160795943123,0.17758160795943123
18,20,26,31.66524687,51.98594645,5.435840509,89.98024312,4.471331176290111,3.980965497619758,0.4903656786703525,0.4903656786703525
93,56,36,24.01497622,82.05687182,6.98435366,185.2773389,6.380270292962814,7.625302334702435,-1.2450320417396208,1.2450320417396208
50,55,16,28.81460716,65.33538112,7.581442888,62.26242533,5.8998271042436095,5.537991554265161,0.3618355499784487,0.3618355499784487
48,65,78,17.43732714,14.33847406,7.861128148,73.0926704,5.10007894832655,4.5157573442721075,0.5843216040544421,0.5843216040544421
111,88,55,29.44795403,78.34971537,5.505393832999999,96.45042585,6.506801511875905,7.354221755453604,-0.847420243577699,0.847420243577699
21,80,20,28.20667264,68.27085245,7.350869792,64.32887142,5.800576317824092,5.4175536625072525,0.38302265531683943,0.38302265531683943
5,77,19,31.08564994,66.68832981,6.242052013,175.9303271,4.396521261659647,5.870593527963657,-1.4740722663040104,1.4740722663040104
54,66,52,36.56769731,93.79503425,6.867554147000001,104.4218596,7.272398223109458,7.388210142496955,-0.11581191938749669,0.11581191938749669
14,74,19,18.39759147,36.82639309,6.624966131,93.12330644,2.7979320781316392,3.9302167099433705,-1.1322846318117312,1.1322846318117312
31,53,16,28.7420098,85.81675947,6.452006451,48.54598575,5.5015606564067685,5.251721381327883,0.2498392750788856,0.2498392750788856
36,27,26,26.58413917,95.78923137,6.25449571,171.6262299,6.625004630800263,6.346506745326115,0.278497885474148,0.278497885474148
108,46,17,24.3017998,84.87668973,6.93221485,65.0247867,6.653433164334064,6.510316929256171,0.14311623507789317,0.14311623507789317
32,139,198,35.89307536,82.66850729,6.358186848,66.53946559,8.48998551887742,8.537937276293448,-0.047951757416027974,0.047951757416027974
29,128,198,22.44075021,92.70785115,5.685062404,121.4977331,8.658071151538682,8.277122941201736,0.38094821033694615,0.38094821033694615
22,68,16,27.70496805,63.20915034,7.74672376,37.46160727,6.232627186390387,4.9609987470698425,1.2716284393205441,1.2716284393205441
109,91,53,29.66727337,83.51014178,6.010095852999999,110.2511102,7.67138180413995,7.78644862897323,-0.11506682483327957,0.11506682483327957
65,39,45,23.66805429,70.89000744,6.768001309,184.4633281,7.349604081693957,6.638187825982725,0.7114162557112316,0.7114162557112316
33,138,198,22.29423493,90.69033986,6.222390797999999,122.7418744,8.888083878920025,8.59905634511889,0.2890275338011339,0.2890275338011339
22,26,38,22.92052307,85.12912161,6.988035315,110.2437841,5.35525494247241,5.432637473704423,-0.07738253123201311,0.07738253123201311
29,121,196,22.84852833,94.32130209,6.079497202000001,123.5977843,8.249475775362352,8.380826283651206,-0.13135050828885397,0.13135050828885397
20,41,20,29.27308605,89.4875022,7.073048264,50.9246554,6.0616326936636815,5.309123088917312,0.7525096047463693,0.7525096047463693
117,19,55,28.80311922,91.78336933,6.121745389,25.16359891,7.1763640266192406,6.4412724786577265,0.7350915479615141,0.7350915479615141
80,15,28,23.11438731,68.00096043,6.703270635,161.8944624,5.919465437570454,6.073422609069012,-0.1539571714985577,0.1539571714985577
95,37,35,27.31317116,68.42333909999999,6.348337518999998,192.4288139,8.449210436047089,7.044849461340892,1.4043609747061971,1.4043609747061971
40,70,20,31.80130272,45.03186173,5.623490042999999,147.03614419999997,4.678385779821809,5.335383907325069,-0.6569981275032593,0.6569981275032593
81,36,38,23.76554749,87.98329901,6.334837865,150.31661519999997,6.1430402004954665,6.800108035270544,-0.6570678347750771,0.6570678347750771
22,79,17,21.42451099,20.39659714,5.912289889,116.5206923,4.256314943510058,3.7836171675156542,0.472697775994404,0.472697775994404
93,94,53,25.86632408,84.42379269,6.079178787999999,114.5357503,7.721575129272825,7.472367019059099,0.24920811021372558,0.24920811021372558
68,41,16,21.77689322,57.80840636,6.158830619,102.0861694,5.259379627743219,5.017466147892287,0.2419134798509326,0.2419134798509326
61,41,44,24.36972377,82.11319791,6.537914957999999,159.92109340000005,6.743039524350107,6.62143471423964,0.1216048101104672,0.1216048101104672
99,50,15,18.14710054,71.09445342,5.573286437,88.07753741,4.85392805934172,5.496355885416828,-0.6424278260751084,0.6424278260751084
9,66,21,30.11812084,34.13307843,5.719889876,157.0858232,5.040012359832895,4.537274332373016,0.5027380274598787,0.5027380274598787
2,36,31,30.90225239,49.95955487,5.73171945,91.77522598,4.908006464620474,3.997485667320227,0.9105207973002472,0.9105207973002472
13,69,19,17.30844532,20.01730914,5.86390397,115.199245,4.53969350911494,3.295702994048185,1.2439905150667552,1.2439905150667552
40,30,35,20.89273273,91.07776977,6.269663962999999,104.4407083,5.019026799640229,5.523448446754901,-0.5044216471146719,0.5044216471146719
90,16,45,24.92093261,80.61750795,6.291540277999999,50.55710813,4.418793252036263,5.670640473319052,-1.2518472212827891,1.2518472212827891
41,74,18,28.75751783,61.02701476,6.599147297999999,73.37686831,5.543829252828909,5.312628838135943,0.2312004146929656,0.2312004146929656
63,58,22,18.25405352,55.28220433,6.204747652999999,63.72358154,4.7894689051917165,4.637053608444774,0.1524152967469421,0.1524152967469421
67,47,44,26.73072391,81.78596776,7.868474653,280.4044392,8.582601583854482,8.460662500493573,0.12193908336090864,0.12193908336090864
8,45,15,28.09568993,60.98353839999999,4.61136408,33.84110759,3.221634497677066,3.311929997905099,-0.09029550022803301,0.09029550022803301
0,55,22,22.98666928,20.57940608,5.916779289,143.85849380000005,2.13812897899553,3.498329905540972,-1.360200926545442,1.360200926545442
22,38,31,31.53356352,53.06009323,5.8211060360000015,98.57025046,4.40958091954546,4.557059757932062,-0.14747883838660147,0.14747883838660147
111,39,22,22.60361557,80.35090459999998,6.135025006,88.57395505,6.656125269685631,6.2708594053150515,0.3852658643705791,0.3852658643705791
56,65,45,38.2016825,93.97379963,6.751298936,218.09088140000003,8.571119291012227,8.4404003162441,0.13071897476812744,0.13071897476812744
23,35,18,26.4908332,47.36534833,5.414492777,36.99362831,3.5113591012052923,3.308996580418616,0.20236252078667638,0.20236252078667638
102,49,21,24.69315538,84.84422454,6.253343655,89.799462,6.79996326952196,6.512802553057684,0.28716071646427643,0.28716071646427643
29,45,16,28.43683487,87.91332682,6.583381939,43.12063289,5.488256076272869,5.1518534263435685,0.33640264992930025,0.33640264992930025
32,25,9,10.35609594,93.75652041,7.796034006,101.1456947,5.29915303316977,5.127683078432728,0.17146995473704152,0.17146995473704152
89,41,38,23.12844351,74.68322732,6.344751947000001,199.83629130000003,6.5847826807394725,7.068599147804605,-0.48381646706513237,0.48381646706513237
48,62,15,25.36586097,66.6379724,7.538631462000001,65.81655892,5.66457489316605,5.477817086000646,0.1867578071654039,0.1867578071654039
20,40,15,29.57329479,88.07505524,7.199495367999999,45.04467075,5.189983502021967,5.210362738652539,-0.020379236630572173,0.020379236630572173
111,32,34,25.46743689,69.35161206,6.392048018,171.37644619999998,7.400268428193593,6.989862177801275,0.4104062503923185,0.4104062503923185
96,86,51,29.90888522,76.98740841,6.257369799,91.99964712,7.203262384417634,7.236415741792787,-0.033153357375153014,0.033153357375153014
18,58,16,21.47607807,38.80023714,4.962661422,180.382234,5.279463624008464,4.219938244365242,1.0595253796432225,1.0595253796432225
35,68,45,42.93605359,90.09448142,6.612429546,234.8466111,8.158841896877444,8.36204874856023,-0.2032068516827863,0.2032068516827863
27,139,205,22.48403042,93.40819246,5.7721799460000005,105.5473627,8.805797705499433,8.355572700292965,0.4502250052064678,0.4502250052064678
37,11,36,24.24779615,85.56033312,6.710143266,106.9216033,6.580702995560354,5.416863425759945,1.163839569800409,1.163839569800409
63,42,21,23.26237612,72.33125523,5.798423907999999,67.10225139,4.792031328611493,5.016092059405039,-0.22406073079354538,0.22406073079354538
20,19,35,34.17719782,50.62161586,6.113935087000001,98.00687989,3.7876877546262877,4.4690584402319065,-0.6813706856056188,0.6813706856056188
10,18,35,27.79797651,99.64573002,6.381975465,181.6942283,4.995647590619814,6.1909021650727185,-1.1952545744529042,1.1952545744529042
35,131,203,22.42776057,93.91722423,5.893490899,102.7230739,7.6730801991182895,8.389279842248772,-0.7161996431304827,0.7161996431304827
28,70,21,25.39038396,60.4989659,7.437373666,39.18374505,5.03585444008659,4.865128960009867,0.17072548007672328,0.17072548007672328
89,57,43,26.91515043,73.19897535,6.998787171,177.22330480000005,7.661698603776036,7.466687953867531,0.1950106499085047,0.1950106499085047
11,40,23,29.61253065,63.04749127,5.80428611,50.1978269,4.172587772475131,4.049685063821918,0.12290270865321329,0.12290270865321329
5,65,19,18.28072173,68.10365387,6.978361689,48.80253285,4.113974107058424,4.215120161896936,-0.10114605483851147,0.10114605483851147
26,9,32,25.9490364,94.73860514,6.470465614,144.15711090000005,5.204901382783685,5.767963987574681,-0.5630626047909955,0.5630626047909955
44,77,21,32.63918668,61.3009051,7.326980454,61.83876146,5.754754341291575,5.752956720747303,0.001797620544271794,0.001797620544271794
71,52,43,26.47549543,73.96164569,6.732826127,180.2513601,8.022965272421898,7.048006772290131,0.9749585001317662,0.9749585001317662
10,59,22,28.60901145,86.99495766,7.1556850160000005,36.94616965,4.461161570699657,5.194747963913644,-0.7335863932139866,0.7335863932139866
125,60,17,24.14386157,84.51591287,6.785723961,80.36146974,6.694276673463606,7.045305443988337,-0.3510287705247306,0.3510287705247306
86,6,53,25.92030221,83.47202566,6.921847887999999,42.10681516,6.0195242758070755,5.809507379756642,0.2100168960504334,0.2100168960504334
22,144,196,21.91191314,91.68748063,6.4992268210000015,117.0761277,8.58027644473362,8.524697476701675,0.05557896803194495,0.05557896803194495
38,132,197,20.42094753,81.54185044,5.931101816,66.93065667,7.819821504046903,7.642069603911841,0.17775190013506226,0.17775190013506226
25,7,35,28.38503882,99.18843684,5.55771171,189.67113490000003,6.694918473492657,6.111297140697052,0.5836213327956052,0.5836213327956052
24,130,195,29.99677232,81.54156612,6.112305667,67.12534492,7.9558857140083585,7.878855160810128,0.07703055319823093,0.07703055319823093
120,19,49,25.79448878,84.26830701,6.762471628999998,56.45229202,6.479729538435797,6.590162196999418,-0.11043265856362083,0.11043265856362083
70,36,42,21.84106875,80.72886384,6.9462098810000015,202.3838319,6.283978635799711,7.0591899072763376,-0.7752112714766266,0.7752112714766266
33,29,34,31.40948821,49.21729127,6.832979508999999,92.99739415,5.096716580266802,4.824183488844317,0.2725330914224857,0.2725330914224857
38,15,30,28.91862016,48.13974548,5.075504537,97.01331604,5.062615491292249,3.9959508300759747,1.066664661216274,1.066664661216274
112,39,29,26.12492233,63.37479229,6.726528895,147.8035305,6.6622539974660056,6.8074488471680095,-0.14519484970200391,0.14519484970200391
21,23,42,19.54128063,90.29751796,6.902751061,104.3739878,4.300896964590821,5.315628666226843,-1.0147317016360216,1.0147317016360216
95,75,45,28.98333432,82.95958244,5.829898502000001,109.022564,6.7847552407244,7.155472348921379,-0.37071710819697934,0.37071710819697934
6,128,200,25.96308415,82.57813624,5.838748311,70.31782647,6.4964335827821,7.385395773853052,-0.8889621910709522,0.8889621910709522
66,58,35,23.5643831,79.46283115,7.321619041,185.25947,7.1422568522255165,7.219451984219174,-0.07719513199365746,0.07719513199365746
36,29,13,20.68185224,90.91510525,7.829507245,109.7513927,5.389878608464768,5.782154230432589,-0.39227562196782095,0.39227562196782095
112,49,25,25.68959532,77.90621048,6.470135478,66.19426787,6.803840541130422,6.426248357715403,0.3775921834150191,0.3775921834150191
18,17,31,31.74592134,45.16127859,5.667507706,93.75441586,3.2284098250515254,3.921820313071049,-0.6934104880195235,0.6934104880195235
57,57,51,39.01793345,91.48815629,6.99223441,105.8841531,7.128131510259241,7.4192292821960635,-0.2910977719368226,0.2910977719368226
106,10,49,27.72653142,92.00687531,6.350623739,20.21126747,6.246558427395243,6.07233896405033,0.17421946334491345,0.17421946334491345
11,45,19,28.70012137,44.359648,3.828031463,44.11622138,2.82173324465399,2.813482197361047,0.008251047292942904,0.008251047292942904
66,47,36,24.85441411,74.44070479999998,6.57256106,175.572958,6.229435432650971,6.673841920454708,-0.4444064878037377,0.4444064878037377
32,73,81,20.45078582,15.40312102,5.988992796000002,92.68373702,3.5193337328352055,4.118158494459574,-0.5988247616243685,0.5988247616243685
22,43,24,25.42517036,53.22082660000001,4.52363558,46.19374559,3.4853712304582043,3.353281327267944,0.13208990319026048,0.13208990319026048
31,11,45,24.83954414,86.88738076,6.034612928,107.6435771,4.166246375326528,5.253258744938045,-1.087012369611517,1.087012369611517
101,11,51,25.50736962,84.24340241,6.792035575,44.2068997,7.420134531339642,6.077729201481367,1.3424053298582743,1.3424053298582743
32,48,18,26.45707778,56.40226277,5.993513566,64.16167699,2.6560764790923925,4.311540183385997,-1.6554637042936045,1.6554637042936045
133,57,19,23.54234715,75.98203329,7.947011366,84.12536744,5.873212846407631,7.317350498640724,-1.4441376522330929,1.4441376522330929
68,62,50,33.20258348,92.76437927,6.977700268,197.5282582,8.737995261023626,8.26343890578165,0.47455635524197604,0.47455635524197604
105,30,50,25.29954705,81.77527562,6.37620108,57.04147057,6.1081341162572995,6.282368380080276,-0.17423426382297613,0.17423426382297613
9,59,25,30.39321309,60.16299493,7.699200949,35.37493212,5.2306093214141685,4.728937975250874,0.5016713461632945,0.5016713461632945
83,41,43,21.0525355,82.67839517,6.254028451,233.1075816,6.5106840012024945,7.418335317494785,-0.9076513162922906,0.9076513162922906
17,30,27,29.03065024,90.79093862,5.894027065,205.5720367,6.798488484182112,6.259483135642574,0.5390053485395381,0.5390053485395381
19,51,25,26.80474415,48.23991436,3.5253661,43.87801983,3.3824994857029034,2.9939380973411764,0.38856138836172693,0.38856138836172693
35,38,19,25.32688786,63.18180319,9.112771682,32.71129281,5.091878156850429,5.113911732583449,-0.022033575733019894,0.022033575733019894
83,58,23,19.74213321,59.66263104,6.381201909,65.50861389,5.231945028384423,5.237868299554107,-0.005923271169683275,0.005923271169683275
88,55,45,24.63544858,80.41363018,7.730367824,253.7202781,7.379357265372043,8.487236932175957,-1.107879666803914,1.107879666803914
94,50,19,23.30355338,73.62548442,5.873242491,97.59081274,6.14570188113227,5.952151343853322,0.19355053727894855,0.19355053727894855
15,28,32,28.84270971,99.64328526,6.2185718739999984,224.4016682,5.690624211497637,6.764055402566632,-1.0734311910689955,1.0734311910689955
14,22,9,17.24944623,91.13772765,6.543191814,112.50905159999998,4.438086748117373,4.737514044133572,-0.29942729601619966,0.29942729601619966
40,11,44,24.45840036,86.10874614,6.322396027000001,111.3779693,5.377966679842707,5.481878833034074,-0.10391215319136649,0.10391215319136649
17,59,17,18.416700100000003,23.42829938,5.689858133,132.9801054,3.843396292249536,3.465492069698786,0.37790422255074985,0.37790422255074985
85,22,53,25.96534238,89.77076659,6.849471704,59.46338556,6.235301039078882,6.309177866309785,-0.07387682723090272,0.07387682723090272
31,58,15,27.11026483,84.96771717,7.121571293,51.52617423,5.871080303292201,5.456196103087822,0.4148842002043791,0.4148842002043791
44,55,25,29.6321052,65.91359954,7.42160832,71.16331975,5.884195504820594,5.611667351004918,0.2725281538156761,0.2725281538156761
99,55,35,21.7238313,80.2389895,6.501697816,277.9626192,8.947946247894237,8.246581568960213,0.7013646789340235,0.7013646789340235
67,45,38,22.72791041,82.17068809999998,7.300410836,260.8875056,8.884411841059539,7.829103770188219,1.0553080708713196,1.0553080708713196
121,47,16,23.60564038,79.29573149,7.7232401510000015,72.49800885,6.035981588124355,6.873730873486299,-0.8377492853619444,0.8377492853619444
116,52,19,22.94276687,75.37170612,6.114525877,67.08022574,6.809709774697997,6.16435859319491,0.645351181503087,0.645351181503087
5,68,20,19.04380471,33.10695144,6.12166671,155.3705624,3.027014671529458,4.057495831887337,-1.030481160357879,1.030481160357879
